{"v":"5.6.7","fr":30,"ip":0,"op":120,"w":980,"h":800,"nm":"Freebies","ddd":0,"assets":[],"layers":[{"ddd":0,"ind":1,"ty":3,"nm":"Null 8","sr":1,"ks":{"o":{"a":0,"k":0,"ix":11},"r":{"a":0,"k":0,"ix":10},"p":{"a":0,"k":[858.8,334,0],"ix":2},"a":{"a":0,"k":[50,50,0],"ix":1},"s":{"a":0,"k":[100,100,100],"ix":6}},"ao":0,"ip":0,"op":120,"st":0,"bm":0},{"ddd":0,"ind":2,"ty":4,"nm":"hand phone","parent":8,"sr":1,"ks":{"o":{"a":0,"k":100,"ix":11},"r":{"a":1,"k":[{"i":{"x":[0.26],"y":[1]},"o":{"x":[0.001],"y":[0]},"t":26,"s":[0]},{"i":{"x":[0.26],"y":[1]},"o":{"x":[0.001],"y":[0]},"t":33,"s":[5]},{"i":{"x":[0.26],"y":[1]},"o":{"x":[0.001],"y":[0]},"t":40,"s":[0]},{"i":{"x":[0.26],"y":[1]},"o":{"x":[0.001],"y":[0]},"t":66,"s":[0]},{"i":{"x":[0.26],"y":[1]},"o":{"x":[0.001],"y":[0]},"t":73,"s":[5]},{"i":{"x":[0.26],"y":[1]},"o":{"x":[0.001],"y":[0]},"t":80,"s":[0]},{"i":{"x":[0.26],"y":[1]},"o":{"x":[0.001],"y":[0]},"t":106,"s":[0]},{"i":{"x":[0.26],"y":[1]},"o":{"x":[0.001],"y":[0]},"t":113,"s":[5]},{"t":120,"s":[0]}],"ix":10},"p":{"a":0,"k":[612.527,732.322,0],"ix":2},"a":{"a":0,"k":[612.527,732.322,0],"ix":1},"s":{"a":0,"k":[100,100,100],"ix":6}},"ao":0,"shapes":[{"ty":"gr","it":[{"ty":"gr","it":[{"ty":"gr","it":[{"ind":0,"ty":"sh","ix":1,"ks":{"a":0,"k":{"i":[[0.278,0],[4.034,3.395],[1.463,1.15],[0.957,1.259],[-0.88,0.668],[-0.668,-0.879],[-2.389,-1.877],[-1.118,-0.941],[-5.11,0.179],[-0.135,0.01],[-0.082,-1.101],[1.102,-0.083],[7.506,-0.267]],"o":[[-5.245,0],[-1.068,-0.898],[-3.662,-2.878],[-0.668,-0.879],[0.881,-0.67],[0.718,0.945],[1.49,1.172],[2.79,2.347],[7.428,-0.264],[1.105,-0.075],[0.083,1.102],[-0.136,0.01],[-0.227,0.008]],"v":[[42.591,187.535],[19.374,182.697],[15.46,179.562],[8.369,173.444],[8.752,170.642],[11.555,171.024],[17.932,176.417],[21.948,179.637],[43.208,183.525],[64.2,182.247],[66.344,184.092],[64.499,186.236],[43.351,187.522]],"c":true},"ix":2},"nm":"Path 1","mn":"ADBE Vector Shape - Group","hd":false},{"ty":"fl","c":{"a":0,"k":[0.8784314394,0.537254929543,0.458823561668,1],"ix":4},"o":{"a":0,"k":100,"ix":5},"r":1,"bm":0,"nm":"Fill 1","mn":"ADBE Vector Graphic - Fill","hd":false},{"ty":"tr","p":{"a":0,"k":[0,0],"ix":2},"a":{"a":0,"k":[0,0],"ix":1},"s":{"a":0,"k":[100,100],"ix":3},"r":{"a":0,"k":0,"ix":6},"o":{"a":0,"k":100,"ix":7},"sk":{"a":0,"k":0,"ix":4},"sa":{"a":0,"k":0,"ix":5},"nm":"Transform"}],"nm":"Group 1","np":2,"cix":2,"bm":0,"ix":1,"mn":"ADBE Vector Group","hd":false},{"ty":"tr","p":{"a":0,"k":[37.156,178.884],"ix":2},"a":{"a":0,"k":[37.156,178.884],"ix":1},"s":{"a":0,"k":[100,100],"ix":3},"r":{"a":0,"k":0,"ix":6},"o":{"a":0,"k":100,"ix":7},"sk":{"a":0,"k":0,"ix":4},"sa":{"a":0,"k":0,"ix":5},"nm":"Transform"}],"nm":"Group 7","np":1,"cix":2,"bm":0,"ix":1,"mn":"ADBE Vector Group","hd":false},{"ty":"gr","it":[{"ty":"gr","it":[{"ind":0,"ty":"sh","ix":1,"ks":{"a":0,"k":{"i":[[4.106,0],[11.493,5.623],[1.688,1.298],[-0.673,0.876],[-0.875,-0.673],[-0.708,-0.347],[-17.14,0.94],[-0.061,-1.104],[1.104,-0.061]],"o":[[-9.859,0],[-1.208,-0.591],[-0.876,-0.673],[0.674,-0.876],[1.865,1.434],[15.345,7.508],[1.09,-0.05],[0.061,1.103],[-5.079,0.279]],"v":[[42.815,197.724],[13.344,190.707],[8.001,187.119],[7.634,184.314],[10.438,183.948],[15.102,187.114],[56.191,193.209],[58.298,195.097],[56.41,197.203]],"c":true},"ix":2},"nm":"Path 1","mn":"ADBE Vector Shape - Group","hd":false},{"ty":"fl","c":{"a":0,"k":[0.8784314394,0.537254929543,0.458823561668,1],"ix":4},"o":{"a":0,"k":100,"ix":5},"r":1,"bm":0,"nm":"Fill 1","mn":"ADBE Vector Graphic - Fill","hd":false},{"ty":"tr","p":{"a":0,"k":[0,0],"ix":2},"a":{"a":0,"k":[0,0],"ix":1},"s":{"a":0,"k":[100,100],"ix":3},"r":{"a":0,"k":0,"ix":6},"o":{"a":0,"k":100,"ix":7},"sk":{"a":0,"k":0,"ix":4},"sa":{"a":0,"k":0,"ix":5},"nm":"Transform"}],"nm":"Group 1","np":2,"cix":2,"bm":0,"ix":1,"mn":"ADBE Vector Group","hd":false},{"ty":"tr","p":{"a":0,"k":[32.76,190.628],"ix":2},"a":{"a":0,"k":[32.76,190.628],"ix":1},"s":{"a":0,"k":[100,100],"ix":3},"r":{"a":0,"k":0,"ix":6},"o":{"a":0,"k":100,"ix":7},"sk":{"a":0,"k":0,"ix":4},"sa":{"a":0,"k":0,"ix":5},"nm":"Transform"}],"nm":"Group 8","np":1,"cix":2,"bm":0,"ix":2,"mn":"ADBE Vector Group","hd":false},{"ty":"gr","it":[{"ty":"gr","it":[{"ind":0,"ty":"sh","ix":1,"ks":{"a":0,"k":{"i":[[5.177,0],[2.596,0.352],[5.867,4.415],[-0.665,0.883],[-0.884,-0.665],[-6.304,-0.855],[-0.1,0.009],[-0.109,-1.098],[1.1,-0.109]],"o":[[-2.692,0],[-5.441,-0.738],[-0.883,-0.664],[0.662,-0.882],[4.602,3.462],[7.118,0.967],[1.115,-0.115],[0.108,1.099],[-0.279,0.028]],"v":[[39.172,206.061],[30.998,205.591],[13.395,199.28],[12.999,196.479],[15.799,196.084],[31.535,201.627],[48.691,201.619],[50.879,203.412],[49.086,205.6]],"c":true},"ix":2},"nm":"Path 1","mn":"ADBE Vector Shape - Group","hd":false},{"ty":"fl","c":{"a":0,"k":[0.8784314394,0.537254929543,0.458823561668,1],"ix":4},"o":{"a":0,"k":100,"ix":5},"r":1,"bm":0,"nm":"Fill 1","mn":"ADBE Vector Graphic - Fill","hd":false},{"ty":"tr","p":{"a":0,"k":[0,0],"ix":2},"a":{"a":0,"k":[0,0],"ix":1},"s":{"a":0,"k":[100,100],"ix":3},"r":{"a":0,"k":0,"ix":6},"o":{"a":0,"k":100,"ix":7},"sk":{"a":0,"k":0,"ix":4},"sa":{"a":0,"k":0,"ix":5},"nm":"Transform"}],"nm":"Group 1","np":2,"cix":2,"bm":0,"ix":1,"mn":"ADBE Vector Group","hd":false},{"ty":"tr","p":{"a":0,"k":[31.743,200.871],"ix":2},"a":{"a":0,"k":[31.743,200.871],"ix":1},"s":{"a":0,"k":[100,100],"ix":3},"r":{"a":0,"k":0,"ix":6},"o":{"a":0,"k":100,"ix":7},"sk":{"a":0,"k":0,"ix":4},"sa":{"a":0,"k":0,"ix":5},"nm":"Transform"}],"nm":"Group 9","np":1,"cix":2,"bm":0,"ix":3,"mn":"ADBE Vector Group","hd":false},{"ty":"tr","p":{"a":0,"k":[578.785,732.147],"ix":2},"a":{"a":0,"k":[36.785,188.147],"ix":1},"s":{"a":0,"k":[100,100],"ix":3},"r":{"a":0,"k":0,"ix":6},"o":{"a":0,"k":100,"ix":7},"sk":{"a":0,"k":0,"ix":4},"sa":{"a":0,"k":0,"ix":5},"nm":"Transform"}],"nm":"Group 7","np":3,"cix":2,"bm":0,"ix":1,"mn":"ADBE Vector Group","hd":false},{"ty":"gr","it":[{"ind":0,"ty":"sh","ix":1,"ks":{"a":0,"k":{"i":[[0,0],[-0.078,-1.387],[-0.974,-0.991],[-7.281,-0.988],[0,0],[0,0]],"o":[[-1.317,0.443],[0.078,1.387],[6.142,6.251],[7.442,1.01],[0,0],[0,0]],"v":[[-22.241,-9.263],[-24.384,-5.885],[-18.961,0],[0.987,8.814],[18.61,8.814],[24.389,-7.369]],"c":false},"ix":2},"nm":"Path 1","mn":"ADBE Vector Shape - Group","hd":false},{"ty":"fl","c":{"a":0,"k":[1,0.803921628466,0.745098039216,1],"ix":4},"o":{"a":0,"k":100,"ix":5},"r":1,"bm":0,"nm":"Fill 1","mn":"ADBE Vector Graphic - Fill","hd":false},{"ty":"tr","p":{"a":0,"k":[570.279,737.795],"ix":2},"a":{"a":0,"k":[0,0],"ix":1},"s":{"a":0,"k":[100,100],"ix":3},"r":{"a":0,"k":0,"ix":6},"o":{"a":0,"k":100,"ix":7},"sk":{"a":0,"k":0,"ix":4},"sa":{"a":0,"k":0,"ix":5},"nm":"Transform"}],"nm":"Group 1","np":2,"cix":2,"bm":0,"ix":2,"mn":"ADBE Vector Group","hd":false},{"ty":"gr","it":[{"ind":0,"ty":"sh","ix":1,"ks":{"a":0,"k":{"i":[[0,0],[1.413,-1.807],[-0.999,-1.381],[-1.531,-0.749],[-17.435,0.956],[0,0]],"o":[[0,0],[-1.05,1.343],[0.999,1.381],[15.792,7.726],[0,0],[0,0]],"v":[[-20.018,-8.873],[-28.567,-8.873],[-27.018,-2.972],[-19.271,2.859],[22.807,9.154],[28.911,-9.269]],"c":false},"ix":2},"nm":"Path 1","mn":"ADBE Vector Shape - Group","hd":false},{"ty":"fl","c":{"a":0,"k":[1,0.803921628466,0.745098039216,1],"ix":4},"o":{"a":0,"k":100,"ix":5},"r":1,"bm":0,"nm":"Fill 1","mn":"ADBE Vector Graphic - Fill","hd":false},{"ty":"tr","p":{"a":0,"k":[573.494,729.052],"ix":2},"a":{"a":0,"k":[0,0],"ix":1},"s":{"a":0,"k":[100,100],"ix":3},"r":{"a":0,"k":0,"ix":6},"o":{"a":0,"k":100,"ix":7},"sk":{"a":0,"k":0,"ix":4},"sa":{"a":0,"k":0,"ix":5},"nm":"Transform"}],"nm":"Group 2","np":2,"cix":2,"bm":0,"ix":3,"mn":"ADBE Vector Group","hd":false},{"ty":"gr","it":[{"ind":0,"ty":"sh","ix":1,"ks":{"a":0,"k":{"i":[[0,0],[6.136,-0.251],[8.907,-1.377],[5.299,1.074],[0.24,-0.725],[-3.25,-2.734],[-4.645,0.165],[0,0]],"o":[[-4.13,4.545],[-8.866,0.362],[-3.715,0.574],[-4.778,-0.968],[-0.521,1.572],[3.557,2.992],[7.553,-0.269],[0,0]],"v":[[30.038,-10.567],[13.78,-2.971],[-7.918,-1.957],[-24.057,-5.056],[-29.997,-2.732],[-22.759,5.573],[3.321,10.558],[24.39,9.276]],"c":false},"ix":2},"nm":"Path 1","mn":"ADBE Vector Shape - Group","hd":false},{"ty":"fl","c":{"a":0,"k":[1,0.803921628466,0.745098039216,1],"ix":4},"o":{"a":0,"k":100,"ix":5},"r":1,"bm":0,"nm":"Fill 1","mn":"ADBE Vector Graphic - Fill","hd":false},{"ty":"tr","p":{"a":0,"k":[579.959,717.966],"ix":2},"a":{"a":0,"k":[0,0],"ix":1},"s":{"a":0,"k":[100,100],"ix":3},"r":{"a":0,"k":0,"ix":6},"o":{"a":0,"k":100,"ix":7},"sk":{"a":0,"k":0,"ix":4},"sa":{"a":0,"k":0,"ix":5},"nm":"Transform"}],"nm":"Group 3","np":2,"cix":2,"bm":0,"ix":4,"mn":"ADBE Vector Group","hd":false},{"ty":"gr","it":[{"ind":0,"ty":"sh","ix":1,"ks":{"a":0,"k":{"i":[[0,0],[-9.847,-12.469],[8.473,-8.79],[11.264,0.539],[3.442,-0.166],[2.451,6.926],[-2.126,-0.422],[-8.146,-2.162]],"o":[[0,0],[10.453,13.236],[-5.417,5.62],[-2.94,-0.141],[-8.869,0.428],[-0.723,-2.043],[2.431,0.483],[0,0]],"v":[[5.925,-16.241],[35.42,-23.608],[34.206,18.535],[8.764,27.676],[-11.696,26.832],[-41.847,14.08],[-38.564,10.418],[-23.481,16.757]],"c":false},"ix":2},"nm":"Path 1","mn":"ADBE Vector Shape - Group","hd":false},{"ty":"fl","c":{"a":0,"k":[1,0.803921628466,0.745098039216,1],"ix":4},"o":{"a":0,"k":100,"ix":5},"r":1,"bm":0,"nm":"Fill 1","mn":"ADBE Vector Graphic - Fill","hd":false},{"ty":"tr","p":{"a":0,"k":[594.747,729.853],"ix":2},"a":{"a":0,"k":[0,0],"ix":1},"s":{"a":0,"k":[100,100],"ix":3},"r":{"a":0,"k":0,"ix":6},"o":{"a":0,"k":100,"ix":7},"sk":{"a":0,"k":0,"ix":4},"sa":{"a":0,"k":0,"ix":5},"nm":"Transform"}],"nm":"Group 4","np":2,"cix":2,"bm":0,"ix":5,"mn":"ADBE Vector Group","hd":false},{"ty":"gr","it":[{"ty":"gr","it":[{"ind":0,"ty":"sh","ix":1,"ks":{"a":0,"k":{"i":[[0,-4.035],[7.329,0],[0,4.035],[-7.329,0]],"o":[[0,4.035],[-7.329,0],[0,-4.035],[7.329,0]],"v":[[13.271,0],[0,7.307],[-13.271,0],[0,-7.307]],"c":true},"ix":2},"nm":"Path 1","mn":"ADBE Vector Shape - Group","hd":false},{"ty":"fl","c":{"a":0,"k":[0.686274528503,0.783637583256,1,1],"ix":4},"o":{"a":0,"k":100,"ix":5},"r":1,"bm":0,"nm":"Fill 1","mn":"ADBE Vector Graphic - Fill","hd":false},{"ty":"tr","p":{"a":1,"k":[{"i":{"x":0.2,"y":1},"o":{"x":0.167,"y":0.167},"t":26,"s":[542.128,709.217],"to":[0,0.817],"ti":[0,0]},{"i":{"x":0.2,"y":1},"o":{"x":0.167,"y":0.167},"t":32.5,"s":[542.128,714.117],"to":[0,0],"ti":[0,0.817]},{"i":{"x":0.833,"y":0.833},"o":{"x":0.167,"y":0.167},"t":39,"s":[542.128,709.217],"to":[0,0],"ti":[0,0]},{"i":{"x":0.2,"y":1},"o":{"x":0.167,"y":0.167},"t":66,"s":[542.128,709.217],"to":[0,0.817],"ti":[0,0]},{"i":{"x":0.2,"y":1},"o":{"x":0.167,"y":0.167},"t":72.5,"s":[542.128,714.117],"to":[0,0],"ti":[0,0.817]},{"i":{"x":0.833,"y":0.833},"o":{"x":0.167,"y":0.167},"t":79,"s":[542.128,709.217],"to":[0,0],"ti":[0,0]},{"i":{"x":0.2,"y":1},"o":{"x":0.167,"y":0.167},"t":106,"s":[542.128,709.217],"to":[0,0.817],"ti":[0,0]},{"i":{"x":0.2,"y":1},"o":{"x":0.167,"y":0.167},"t":112.5,"s":[542.128,714.117],"to":[0,0],"ti":[0,0.817]},{"t":119,"s":[542.128,709.217]}],"ix":2},"a":{"a":0,"k":[0,0],"ix":1},"s":{"a":0,"k":[100,100],"ix":3},"r":{"a":0,"k":0,"ix":6},"o":{"a":0,"k":100,"ix":7},"sk":{"a":0,"k":0,"ix":4},"sa":{"a":0,"k":0,"ix":5},"nm":"Transform"}],"nm":"Group 1","np":2,"cix":2,"bm":0,"ix":1,"mn":"ADBE Vector Group","hd":false},{"ty":"gr","it":[{"ty":"gr","it":[{"ind":0,"ty":"sh","ix":1,"ks":{"a":1,"k":[{"i":{"x":0.2,"y":1},"o":{"x":0.167,"y":0.128},"t":26,"s":[{"i":[[0,0],[-7.38,0],[0,0],[2.296,-7.014]],"o":[[-2.296,-7.014],[0,0],[7.38,0],[0,0]],"v":[[-55.111,7.112],[-44.801,-7.112],[44.801,-7.112],[55.111,7.112]],"c":false}]},{"i":{"x":0.2,"y":1},"o":{"x":0.167,"y":0.128},"t":32.5,"s":[{"i":[[0,0],[-7.38,0],[0,0],[2.296,-7.014]],"o":[[-2.296,-7.014],[0,0],[7.38,0],[0,0]],"v":[[-55.111,17.112],[-44.801,2.888],[44.801,2.888],[55.111,17.112]],"c":false}]},{"i":{"x":0.833,"y":1},"o":{"x":0.167,"y":0},"t":39,"s":[{"i":[[0,0],[-7.38,0],[0,0],[2.296,-7.014]],"o":[[-2.296,-7.014],[0,0],[7.38,0],[0,0]],"v":[[-55.111,7.112],[-44.801,-7.112],[44.801,-7.112],[55.111,7.112]],"c":false}]},{"i":{"x":0.2,"y":1},"o":{"x":0.167,"y":0.128},"t":66,"s":[{"i":[[0,0],[-7.38,0],[0,0],[2.296,-7.014]],"o":[[-2.296,-7.014],[0,0],[7.38,0],[0,0]],"v":[[-55.111,7.112],[-44.801,-7.112],[44.801,-7.112],[55.111,7.112]],"c":false}]},{"i":{"x":0.2,"y":1},"o":{"x":0.167,"y":0.128},"t":72.5,"s":[{"i":[[0,0],[-7.38,0],[0,0],[2.296,-7.014]],"o":[[-2.296,-7.014],[0,0],[7.38,0],[0,0]],"v":[[-55.111,17.112],[-44.801,2.888],[44.801,2.888],[55.111,17.112]],"c":false}]},{"i":{"x":0.833,"y":1},"o":{"x":0.167,"y":0},"t":79,"s":[{"i":[[0,0],[-7.38,0],[0,0],[2.296,-7.014]],"o":[[-2.296,-7.014],[0,0],[7.38,0],[0,0]],"v":[[-55.111,7.112],[-44.801,-7.112],[44.801,-7.112],[55.111,7.112]],"c":false}]},{"i":{"x":0.2,"y":1},"o":{"x":0.167,"y":0.128},"t":106,"s":[{"i":[[0,0],[-7.38,0],[0,0],[2.296,-7.014]],"o":[[-2.296,-7.014],[0,0],[7.38,0],[0,0]],"v":[[-55.111,7.112],[-44.801,-7.112],[44.801,-7.112],[55.111,7.112]],"c":false}]},{"i":{"x":0.2,"y":1},"o":{"x":0.167,"y":0.128},"t":112.5,"s":[{"i":[[0,0],[-7.38,0],[0,0],[2.296,-7.014]],"o":[[-2.296,-7.014],[0,0],[7.38,0],[0,0]],"v":[[-55.111,17.112],[-44.801,2.888],[44.801,2.888],[55.111,17.112]],"c":false}]},{"t":119,"s":[{"i":[[0,0],[-7.38,0],[0,0],[2.296,-7.014]],"o":[[-2.296,-7.014],[0,0],[7.38,0],[0,0]],"v":[[-55.111,7.112],[-44.801,-7.112],[44.801,-7.112],[55.111,7.112]],"c":false}]}],"ix":2},"nm":"Path 1","mn":"ADBE Vector Shape - Group","hd":false},{"ty":"st","c":{"a":0,"k":[0.5820530653,0.61987388134,0.976470589638,1],"ix":3},"o":{"a":0,"k":100,"ix":4},"w":{"a":0,"k":4,"ix":5},"lc":2,"lj":1,"ml":10,"bm":0,"nm":"Stroke 1","mn":"ADBE Vector Graphic - Stroke","hd":false},{"ty":"tr","p":{"a":0,"k":[541.889,674.213],"ix":2},"a":{"a":0,"k":[0,0],"ix":1},"s":{"a":0,"k":[100,100],"ix":3},"r":{"a":0,"k":0,"ix":6},"o":{"a":0,"k":100,"ix":7},"sk":{"a":0,"k":0,"ix":4},"sa":{"a":0,"k":0,"ix":5},"nm":"Transform"}],"nm":"Group 1","np":2,"cix":2,"bm":0,"ix":1,"mn":"ADBE Vector Group","hd":false},{"ty":"gr","it":[{"ind":0,"ty":"sh","ix":1,"ks":{"a":1,"k":[{"i":{"x":0.2,"y":1},"o":{"x":0.167,"y":0.128},"t":26,"s":[{"i":[[4.923,0],[0,0],[1.44,4.708],[0,0],[-8.83,0],[0,0],[2.584,-8.444],[0,0]],"o":[[0,0],[-4.923,0],[0,0],[-2.584,-8.444],[0,0],[8.83,0],[0,0],[-1.44,4.708]],"v":[[27.972,44.844],[-27.972,44.844],[-38.682,36.921],[-58.504,-27.863],[-45.941,-44.844],[45.941,-44.844],[58.504,-27.863],[38.682,36.921]],"c":true}]},{"i":{"x":0.2,"y":1},"o":{"x":0.167,"y":0.128},"t":32.5,"s":[{"i":[[4.923,0],[0,0],[1.44,4.708],[0,0],[-8.83,0],[0,0],[2.584,-8.444],[0,0]],"o":[[0,0],[-4.923,0],[0,0],[-2.584,-8.444],[0,0],[8.83,0],[0,0],[-1.44,4.708]],"v":[[27.972,44.844],[-27.972,44.844],[-38.682,36.921],[-58.504,-17.863],[-45.941,-34.844],[45.941,-34.844],[58.504,-17.863],[38.682,36.921]],"c":true}]},{"i":{"x":0.833,"y":1},"o":{"x":0.167,"y":0},"t":39,"s":[{"i":[[4.923,0],[0,0],[1.44,4.708],[0,0],[-8.83,0],[0,0],[2.584,-8.444],[0,0]],"o":[[0,0],[-4.923,0],[0,0],[-2.584,-8.444],[0,0],[8.83,0],[0,0],[-1.44,4.708]],"v":[[27.972,44.844],[-27.972,44.844],[-38.682,36.921],[-58.504,-27.863],[-45.941,-44.844],[45.941,-44.844],[58.504,-27.863],[38.682,36.921]],"c":true}]},{"i":{"x":0.2,"y":1},"o":{"x":0.167,"y":0.128},"t":66,"s":[{"i":[[4.923,0],[0,0],[1.44,4.708],[0,0],[-8.83,0],[0,0],[2.584,-8.444],[0,0]],"o":[[0,0],[-4.923,0],[0,0],[-2.584,-8.444],[0,0],[8.83,0],[0,0],[-1.44,4.708]],"v":[[27.972,44.844],[-27.972,44.844],[-38.682,36.921],[-58.504,-27.863],[-45.941,-44.844],[45.941,-44.844],[58.504,-27.863],[38.682,36.921]],"c":true}]},{"i":{"x":0.2,"y":1},"o":{"x":0.167,"y":0.128},"t":72.5,"s":[{"i":[[4.923,0],[0,0],[1.44,4.708],[0,0],[-8.83,0],[0,0],[2.584,-8.444],[0,0]],"o":[[0,0],[-4.923,0],[0,0],[-2.584,-8.444],[0,0],[8.83,0],[0,0],[-1.44,4.708]],"v":[[27.972,44.844],[-27.972,44.844],[-38.682,36.921],[-58.504,-17.863],[-45.941,-34.844],[45.941,-34.844],[58.504,-17.863],[38.682,36.921]],"c":true}]},{"i":{"x":0.833,"y":1},"o":{"x":0.167,"y":0},"t":79,"s":[{"i":[[4.923,0],[0,0],[1.44,4.708],[0,0],[-8.83,0],[0,0],[2.584,-8.444],[0,0]],"o":[[0,0],[-4.923,0],[0,0],[-2.584,-8.444],[0,0],[8.83,0],[0,0],[-1.44,4.708]],"v":[[27.972,44.844],[-27.972,44.844],[-38.682,36.921],[-58.504,-27.863],[-45.941,-44.844],[45.941,-44.844],[58.504,-27.863],[38.682,36.921]],"c":true}]},{"i":{"x":0.2,"y":1},"o":{"x":0.167,"y":0.128},"t":106,"s":[{"i":[[4.923,0],[0,0],[1.44,4.708],[0,0],[-8.83,0],[0,0],[2.584,-8.444],[0,0]],"o":[[0,0],[-4.923,0],[0,0],[-2.584,-8.444],[0,0],[8.83,0],[0,0],[-1.44,4.708]],"v":[[27.972,44.844],[-27.972,44.844],[-38.682,36.921],[-58.504,-27.863],[-45.941,-44.844],[45.941,-44.844],[58.504,-27.863],[38.682,36.921]],"c":true}]},{"i":{"x":0.2,"y":1},"o":{"x":0.167,"y":0.128},"t":112.5,"s":[{"i":[[4.923,0],[0,0],[1.44,4.708],[0,0],[-8.83,0],[0,0],[2.584,-8.444],[0,0]],"o":[[0,0],[-4.923,0],[0,0],[-2.584,-8.444],[0,0],[8.83,0],[0,0],[-1.44,4.708]],"v":[[27.972,44.844],[-27.972,44.844],[-38.682,36.921],[-58.504,-17.863],[-45.941,-34.844],[45.941,-34.844],[58.504,-17.863],[38.682,36.921]],"c":true}]},{"t":119,"s":[{"i":[[4.923,0],[0,0],[1.44,4.708],[0,0],[-8.83,0],[0,0],[2.584,-8.444],[0,0]],"o":[[0,0],[-4.923,0],[0,0],[-2.584,-8.444],[0,0],[8.83,0],[0,0],[-1.44,4.708]],"v":[[27.972,44.844],[-27.972,44.844],[-38.682,36.921],[-58.504,-27.863],[-45.941,-44.844],[45.941,-44.844],[58.504,-27.863],[38.682,36.921]],"c":true}]}],"ix":2},"nm":"Path 1","mn":"ADBE Vector Shape - Group","hd":false},{"ty":"fl","c":{"a":0,"k":[0.827450990677,0.881000697613,1,1],"ix":4},"o":{"a":0,"k":100,"ix":5},"r":1,"bm":0,"nm":"Fill 1","mn":"ADBE Vector Graphic - Fill","hd":false},{"ty":"tr","p":{"a":0,"k":[542.139,701.911],"ix":2},"a":{"a":0,"k":[0,0],"ix":1},"s":{"a":0,"k":[100,100],"ix":3},"r":{"a":0,"k":0,"ix":6},"o":{"a":0,"k":100,"ix":7},"sk":{"a":0,"k":0,"ix":4},"sa":{"a":0,"k":0,"ix":5},"nm":"Transform"}],"nm":"Group 2","np":2,"cix":2,"bm":0,"ix":2,"mn":"ADBE Vector Group","hd":false},{"ty":"tr","p":{"a":0,"k":[544.389,701.911],"ix":2},"a":{"a":0,"k":[544.389,701.911],"ix":1},"s":{"a":0,"k":[100,100],"ix":3},"r":{"a":0,"k":0,"ix":6},"o":{"a":0,"k":100,"ix":7},"sk":{"a":0,"k":0,"ix":4},"sa":{"a":0,"k":0,"ix":5},"nm":"Transform"}],"nm":"Group 2","np":2,"cix":2,"bm":0,"ix":2,"mn":"ADBE Vector Group","hd":false},{"ty":"tr","p":{"a":0,"k":[542.139,701.911],"ix":2},"a":{"a":0,"k":[544.389,701.911],"ix":1},"s":{"a":0,"k":[100,100],"ix":3},"r":{"a":0,"k":0,"ix":6},"o":{"a":0,"k":100,"ix":7},"sk":{"a":0,"k":0,"ix":4},"sa":{"a":0,"k":0,"ix":5},"nm":"Transform"}],"nm":"Group 5","np":2,"cix":2,"bm":0,"ix":6,"mn":"ADBE Vector Group","hd":false},{"ty":"gr","it":[{"ind":0,"ty":"sh","ix":1,"ks":{"a":0,"k":{"i":[[5.019,6.355],[7.822,-0.692],[8.609,-1.028],[3.385,0.135],[1.396,-3.086],[-10.188,0.624],[0,0]],"o":[[-4.866,-6.162],[-8.637,0.765],[-3.363,0.402],[-3.385,-0.135],[-0.981,2.169],[4.324,-0.265],[0,0]],"v":[[30.368,-7.657],[11.448,-16.894],[-11.518,-8.435],[-21.63,-9.17],[-30.291,-5.109],[-12.568,6.763],[19.607,16.975]],"c":false},"ix":2},"nm":"Path 1","mn":"ADBE Vector Shape - Group","hd":false},{"ty":"fl","c":{"a":0,"k":[1,0.803921628466,0.745098039216,1],"ix":4},"o":{"a":0,"k":100,"ix":5},"r":1,"bm":0,"nm":"Fill 1","mn":"ADBE Vector Graphic - Fill","hd":false},{"ty":"tr","p":{"a":0,"k":[600.647,715.583],"ix":2},"a":{"a":0,"k":[0,0],"ix":1},"s":{"a":0,"k":[100,100],"ix":3},"r":{"a":0,"k":0,"ix":6},"o":{"a":0,"k":100,"ix":7},"sk":{"a":0,"k":0,"ix":4},"sa":{"a":0,"k":0,"ix":5},"nm":"Transform"}],"nm":"Group 6","np":2,"cix":2,"bm":0,"ix":7,"mn":"ADBE Vector Group","hd":false}],"ip":0,"op":120,"st":0,"bm":0},{"ddd":0,"ind":3,"ty":4,"nm":"Finger","parent":4,"sr":1,"ks":{"o":{"a":0,"k":100,"ix":11},"r":{"a":1,"k":[{"i":{"x":[0.667],"y":[1]},"o":{"x":[0.333],"y":[0]},"t":19,"s":[-16]},{"i":{"x":[0.667],"y":[1]},"o":{"x":[0.333],"y":[0]},"t":24.588,"s":[-41]},{"i":{"x":[0.667],"y":[1]},"o":{"x":[0.333],"y":[0]},"t":31.294,"s":[-7.5]},{"i":{"x":[0.667],"y":[1]},"o":{"x":[0.333],"y":[0]},"t":38,"s":[-16]},{"i":{"x":[0.667],"y":[1]},"o":{"x":[0.333],"y":[0]},"t":59,"s":[-16]},{"i":{"x":[0.667],"y":[1]},"o":{"x":[0.333],"y":[0]},"t":64.588,"s":[-41]},{"i":{"x":[0.667],"y":[1]},"o":{"x":[0.333],"y":[0]},"t":71.294,"s":[-7.5]},{"i":{"x":[0.667],"y":[1]},"o":{"x":[0.333],"y":[0]},"t":78,"s":[-16]},{"i":{"x":[0.667],"y":[1]},"o":{"x":[0.333],"y":[0]},"t":99,"s":[-16]},{"i":{"x":[0.667],"y":[1]},"o":{"x":[0.333],"y":[0]},"t":104.588,"s":[-41]},{"i":{"x":[0.667],"y":[1]},"o":{"x":[0.333],"y":[0]},"t":111.294,"s":[-7.5]},{"t":118,"s":[-16]}],"ix":10},"p":{"a":0,"k":[480.424,679.503,0],"ix":2},"a":{"a":0,"k":[-26.375,-12.5,0],"ix":1},"s":{"a":0,"k":[100,100,100],"ix":6}},"ao":0,"shapes":[{"ty":"gr","it":[{"ind":0,"ty":"sh","ix":1,"ks":{"a":0,"k":{"i":[[0,0],[-7.711,-6.047],[-3.474,-0.463],[4.063,5.97],[5.402,4.475],[12.772,5.936],[5.189,-1.72],[0.843,-0.778],[-5.406,-7.042]],"o":[[9.422,2.692],[2.758,2.163],[3.474,0.463],[-0.947,-1.391],[-10.845,-8.986],[-4.958,-2.304],[0,0],[-0.755,0.697],[5.406,7.042]],"v":[[-19.22,-3.155],[6.805,10.12],[26.946,21.567],[35.028,15.645],[13.632,0.049],[-14.567,-18.465],[-30.352,-21.058],[-33.109,-19.556],[-33.662,-6.606]],"c":true},"ix":2},"nm":"Path 1","mn":"ADBE Vector Shape - Group","hd":false},{"ty":"fl","c":{"a":0,"k":[1,0.803921628466,0.745098039216,1],"ix":4},"o":{"a":0,"k":100,"ix":5},"r":1,"bm":0,"nm":"Fill 1","mn":"ADBE Vector Graphic - Fill","hd":false},{"ty":"tr","p":{"a":0,"k":[0,0],"ix":2},"a":{"a":0,"k":[0,0],"ix":1},"s":{"a":0,"k":[100,100],"ix":3},"r":{"a":0,"k":0,"ix":6},"o":{"a":0,"k":100,"ix":7},"sk":{"a":0,"k":0,"ix":4},"sa":{"a":0,"k":0,"ix":5},"nm":"Transform"}],"nm":"Group 1","np":2,"cix":2,"bm":0,"ix":1,"mn":"ADBE Vector Group","hd":false}],"ip":0,"op":120,"st":0,"bm":0},{"ddd":0,"ind":4,"ty":4,"nm":"Right hand","parent":5,"sr":1,"ks":{"o":{"a":0,"k":100,"ix":11},"r":{"a":1,"k":[{"i":{"x":[0.833],"y":[1]},"o":{"x":[0.167],"y":[0]},"t":19,"s":[-3.3]},{"i":{"x":[0.667],"y":[1]},"o":{"x":[0.333],"y":[0]},"t":23.317,"s":[-22.3]},{"i":{"x":[0.667],"y":[1]},"o":{"x":[0.333],"y":[0]},"t":28.5,"s":[2.7]},{"i":{"x":[0.833],"y":[1]},"o":{"x":[0.333],"y":[0]},"t":33,"s":[-22.3]},{"i":{"x":[0.833],"y":[1]},"o":{"x":[0.167],"y":[0]},"t":38,"s":[-3.3]},{"i":{"x":[0.833],"y":[1]},"o":{"x":[0.167],"y":[0]},"t":59,"s":[-3.3]},{"i":{"x":[0.667],"y":[1]},"o":{"x":[0.333],"y":[0]},"t":63.317,"s":[-22.3]},{"i":{"x":[0.667],"y":[1]},"o":{"x":[0.333],"y":[0]},"t":68.5,"s":[2.7]},{"i":{"x":[0.833],"y":[1]},"o":{"x":[0.333],"y":[0]},"t":73,"s":[-22.3]},{"i":{"x":[0.833],"y":[1]},"o":{"x":[0.167],"y":[0]},"t":78,"s":[-3.3]},{"i":{"x":[0.833],"y":[1]},"o":{"x":[0.167],"y":[0]},"t":99,"s":[-3.3]},{"i":{"x":[0.667],"y":[1]},"o":{"x":[0.333],"y":[0]},"t":103.317,"s":[-22.3]},{"i":{"x":[0.667],"y":[1]},"o":{"x":[0.333],"y":[0]},"t":108.5,"s":[2.7]},{"i":{"x":[0.833],"y":[1]},"o":{"x":[0.167],"y":[0]},"t":113,"s":[-22.3]},{"t":118,"s":[-3.3]}],"ix":10},"p":{"a":0,"k":[450.254,726.222,0],"ix":2},"a":{"a":0,"k":[450.254,726.222,0],"ix":1},"s":{"a":0,"k":[100,100,100],"ix":6}},"ao":0,"shapes":[{"ty":"gr","it":[{"ty":"gr","it":[{"ind":0,"ty":"sh","ix":1,"ks":{"a":0,"k":{"i":[[0,0],[0.266,0.888],[1.478,2.026],[3.873,5.309]],"o":[[0.012,-0.935],[-0.721,-2.402],[-3.873,-5.309],[0,0]],"v":[[7.857,12.601],[7.463,9.832],[3.76,3.326],[-7.858,-12.601]],"c":false},"ix":2},"nm":"Path 1","mn":"ADBE Vector Shape - Group","hd":false},{"ty":"st","c":{"a":0,"k":[0.878431379795,0.537254929543,0.458823531866,1],"ix":3},"o":{"a":0,"k":100,"ix":4},"w":{"a":0,"k":4,"ix":5},"lc":2,"lj":2,"bm":0,"nm":"Stroke 1","mn":"ADBE Vector Graphic - Stroke","hd":false},{"ty":"tr","p":{"a":0,"k":[480.69,724.411],"ix":2},"a":{"a":0,"k":[0,0],"ix":1},"s":{"a":0,"k":[100,100],"ix":3},"r":{"a":0,"k":0,"ix":6},"o":{"a":0,"k":100,"ix":7},"sk":{"a":0,"k":0,"ix":4},"sa":{"a":0,"k":0,"ix":5},"nm":"Transform"}],"nm":"Group 1","np":2,"cix":2,"bm":0,"ix":1,"mn":"ADBE Vector Group","hd":false},{"ty":"gr","it":[{"ind":0,"ty":"sh","ix":1,"ks":{"a":0,"k":{"i":[[0,0],[2.884,3.781],[2.857,3.801]],"o":[[0.109,-4.754],[-2.884,-3.781],[0,0]],"v":[[8.344,12.68],[3.263,-0.356],[-8.348,-12.68]],"c":false},"ix":2},"nm":"Path 1","mn":"ADBE Vector Shape - Group","hd":false},{"ty":"st","c":{"a":0,"k":[0.878431379795,0.537254929543,0.458823531866,1],"ix":3},"o":{"a":0,"k":100,"ix":4},"w":{"a":0,"k":4,"ix":5},"lc":2,"lj":2,"bm":0,"nm":"Stroke 1","mn":"ADBE Vector Graphic - Stroke","hd":false},{"ty":"tr","p":{"a":0,"k":[490.784,714.504],"ix":2},"a":{"a":0,"k":[0,0],"ix":1},"s":{"a":0,"k":[100,100],"ix":3},"r":{"a":0,"k":0,"ix":6},"o":{"a":0,"k":100,"ix":7},"sk":{"a":0,"k":0,"ix":4},"sa":{"a":0,"k":0,"ix":5},"nm":"Transform"}],"nm":"Group 2","np":2,"cix":2,"bm":0,"ix":2,"mn":"ADBE Vector Group","hd":false},{"ty":"gr","it":[{"ind":0,"ty":"sh","ix":1,"ks":{"a":0,"k":{"i":[[0,0],[-0.592,4.254],[2.16,3.116],[4.233,4.214],[0,0]],"o":[[6.178,-0.519],[0.522,-3.755],[-3.402,-4.909],[0,0],[0,0]],"v":[[7.145,20.102],[18.156,8.612],[14.456,-1.856],[-4.408,-20.102],[-18.238,-9.863]],"c":false},"ix":2},"nm":"Path 1","mn":"ADBE Vector Shape - Group","hd":false},{"ty":"fl","c":{"a":0,"k":[1,0.803921628466,0.745098039216,1],"ix":4},"o":{"a":0,"k":100,"ix":5},"r":1,"bm":0,"nm":"Fill 1","mn":"ADBE Vector Graphic - Fill","hd":false},{"ty":"tr","p":{"a":0,"k":[491.987,708.95],"ix":2},"a":{"a":0,"k":[0,0],"ix":1},"s":{"a":0,"k":[100,100],"ix":3},"r":{"a":0,"k":0,"ix":6},"o":{"a":0,"k":100,"ix":7},"sk":{"a":0,"k":0,"ix":4},"sa":{"a":0,"k":0,"ix":5},"nm":"Transform"}],"nm":"Group 3","np":2,"cix":2,"bm":0,"ix":3,"mn":"ADBE Vector Group","hd":false},{"ty":"gr","it":[{"ind":0,"ty":"sh","ix":1,"ks":{"a":0,"k":{"i":[[0,0],[-3.113,-1.659],[-2.339,2.64],[0.721,2.402],[1.478,2.026],[3.873,5.309]],"o":[[2.734,2.228],[3.113,1.659],[1.663,-1.877],[-0.721,-2.402],[-3.873,-5.309],[0,0]],"v":[[-9.754,7.897],[-1.558,14.55],[8.216,13.767],[9.359,6.655],[5.656,0.149],[-5.962,-15.778]],"c":false},"ix":2},"nm":"Path 1","mn":"ADBE Vector Shape - Group","hd":false},{"ty":"fl","c":{"a":0,"k":[1,0.803921628466,0.745098039216,1],"ix":4},"o":{"a":0,"k":100,"ix":5},"r":1,"bm":0,"nm":"Fill 1","mn":"ADBE Vector Graphic - Fill","hd":false},{"ty":"tr","p":{"a":0,"k":[478.794,727.589],"ix":2},"a":{"a":0,"k":[0,0],"ix":1},"s":{"a":0,"k":[100,100],"ix":3},"r":{"a":0,"k":0,"ix":6},"o":{"a":0,"k":100,"ix":7},"sk":{"a":0,"k":0,"ix":4},"sa":{"a":0,"k":0,"ix":5},"nm":"Transform"}],"nm":"Group 4","np":2,"cix":2,"bm":0,"ix":4,"mn":"ADBE Vector Group","hd":false},{"ty":"gr","it":[{"ind":0,"ty":"sh","ix":1,"ks":{"a":0,"k":{"i":[[0,0],[-0.109,4.754],[2.884,3.781],[2.857,3.801],[0,0]],"o":[[4.668,-0.905],[0.109,-4.754],[-2.884,-3.781],[0,0],[0,0]],"v":[[4.416,17.959],[15.042,7.401],[9.961,-5.636],[-1.65,-17.959],[-15.046,-10.833]],"c":false},"ix":2},"nm":"Path 1","mn":"ADBE Vector Shape - Group","hd":false},{"ty":"fl","c":{"a":0,"k":[1,0.803921628466,0.745098039216,1],"ix":4},"o":{"a":0,"k":100,"ix":5},"r":1,"bm":0,"nm":"Fill 1","mn":"ADBE Vector Graphic - Fill","hd":false},{"ty":"tr","p":{"a":0,"k":[484.086,719.783],"ix":2},"a":{"a":0,"k":[0,0],"ix":1},"s":{"a":0,"k":[100,100],"ix":3},"r":{"a":0,"k":0,"ix":6},"o":{"a":0,"k":100,"ix":7},"sk":{"a":0,"k":0,"ix":4},"sa":{"a":0,"k":0,"ix":5},"nm":"Transform"}],"nm":"Group 5","np":2,"cix":2,"bm":0,"ix":5,"mn":"ADBE Vector Group","hd":false},{"ty":"gr","it":[{"ind":0,"ty":"sh","ix":1,"ks":{"a":0,"k":{"i":[[0,0],[3.422,-0.945],[3.418,1.699],[-6.371,18.883],[-12.045,11.63],[-3.153,1.186],[-1.21,0.159],[0,0]],"o":[[-2.134,2.837],[-3.679,1.016],[0,0],[1.06,-3.142],[2.434,-2.351],[0,0],[1.21,-0.159],[0,0]],"v":[[11.531,30.597],[2.299,35.491],[-8.878,35.793],[-26.542,6.348],[7.895,-30.161],[16.026,-36.116],[18.206,-36.713],[27.616,-18.374]],"c":false},"ix":2},"nm":"Path 1","mn":"ADBE Vector Shape - Group","hd":false},{"ty":"fl","c":{"a":0,"k":[1,0.804160682828,0.745097979377,1],"ix":4},"o":{"a":0,"k":100,"ix":5},"r":1,"bm":0,"nm":"Fill 1","mn":"ADBE Vector Graphic - Fill","hd":false},{"ty":"tr","p":{"a":0,"k":[459.963,707.222],"ix":2},"a":{"a":0,"k":[0,0],"ix":1},"s":{"a":0,"k":[100,100],"ix":3},"r":{"a":0,"k":0,"ix":6},"o":{"a":0,"k":100,"ix":7},"sk":{"a":0,"k":0,"ix":4},"sa":{"a":0,"k":0,"ix":5},"nm":"Transform"}],"nm":"Group 6","np":2,"cix":2,"bm":0,"ix":6,"mn":"ADBE Vector Group","hd":false},{"ty":"tr","p":{"a":0,"k":[459.963,707.222],"ix":2},"a":{"a":0,"k":[459.963,707.222],"ix":1},"s":{"a":0,"k":[100,100],"ix":3},"r":{"a":0,"k":0,"ix":6},"o":{"a":0,"k":100,"ix":7},"sk":{"a":0,"k":0,"ix":4},"sa":{"a":0,"k":0,"ix":5},"nm":"Transform"}],"nm":"Group 1","np":6,"cix":2,"bm":0,"ix":1,"mn":"ADBE Vector Group","hd":false},{"ty":"gr","it":[{"ind":0,"ty":"sh","ix":1,"ks":{"a":0,"k":{"i":[[0,0],[-6.617,2.117],[0,0],[-1.153,1.561],[1.174,1.546],[3.036,0.108],[4.479,2.028],[10.438,1.866]],"o":[[0,0],[5.558,1.853],[2.18,-0.529],[1.153,-1.561],[-1.837,-2.42],[-4.914,-0.175],[0,0],[-14.86,9.189]],"v":[[-18.28,15.81],[3.619,4.141],[20.064,4.916],[25.248,1.427],[25.211,-4.003],[16.784,-6.501],[-1.616,-10.761],[-19.891,-15.81]],"c":true},"ix":2},"nm":"Path 1","mn":"ADBE Vector Shape - Group","hd":false},{"ty":"fl","c":{"a":0,"k":[0.984313726425,0.611764729023,0.549019634724,1],"ix":4},"o":{"a":0,"k":100,"ix":5},"r":1,"bm":0,"nm":"Fill 1","mn":"ADBE Vector Graphic - Fill","hd":false},{"ty":"tr","p":{"a":0,"k":[499.49,702.467],"ix":2},"a":{"a":0,"k":[0,0],"ix":1},"s":{"a":0,"k":[100,100],"ix":3},"r":{"a":0,"k":0,"ix":6},"o":{"a":0,"k":100,"ix":7},"sk":{"a":0,"k":0,"ix":4},"sa":{"a":0,"k":0,"ix":5},"nm":"Transform"}],"nm":"Group 2","np":2,"cix":2,"bm":0,"ix":2,"mn":"ADBE Vector Group","hd":false}],"ip":0,"op":120,"st":0,"bm":0},{"ddd":0,"ind":5,"ty":4,"nm":"Right arm","parent":10,"sr":1,"ks":{"o":{"a":0,"k":100,"ix":11},"r":{"a":1,"k":[{"i":{"x":[0.667],"y":[1]},"o":{"x":[0.333],"y":[0]},"t":19,"s":[-13]},{"i":{"x":[0.667],"y":[1]},"o":{"x":[0.333],"y":[0]},"t":26.341,"s":[5]},{"i":{"x":[0.833],"y":[1]},"o":{"x":[0.333],"y":[0]},"t":33,"s":[-13]},{"i":{"x":[0.833],"y":[1]},"o":{"x":[0.333],"y":[0]},"t":38,"s":[-13]},{"i":{"x":[0.667],"y":[1]},"o":{"x":[0.333],"y":[0]},"t":59,"s":[-13]},{"i":{"x":[0.667],"y":[1]},"o":{"x":[0.333],"y":[0]},"t":66.341,"s":[5]},{"i":{"x":[0.833],"y":[1]},"o":{"x":[0.333],"y":[0]},"t":73,"s":[-13]},{"i":{"x":[0.833],"y":[1]},"o":{"x":[0.333],"y":[0]},"t":78,"s":[-13]},{"i":{"x":[0.667],"y":[1]},"o":{"x":[0.333],"y":[0]},"t":99,"s":[-13]},{"i":{"x":[0.667],"y":[1]},"o":{"x":[0.333],"y":[0]},"t":106.341,"s":[5]},{"i":{"x":[0.833],"y":[1]},"o":{"x":[0.167],"y":[0]},"t":113,"s":[-13]},{"t":118,"s":[-13]}],"ix":10},"p":{"a":0,"k":[-31.018,111.085,0],"ix":2},"a":{"a":0,"k":[356.259,753.438,0],"ix":1},"s":{"a":0,"k":[100,100,100],"ix":6}},"ao":0,"shapes":[{"ty":"gr","it":[{"ty":"gr","it":[{"ind":0,"ty":"sh","ix":1,"ks":{"a":0,"k":{"i":[[0,19.669],[-19.669,0],[0,-19.669],[19.669,0]],"o":[[0,-19.669],[19.669,0],[0,19.669],[-19.669,0]],"v":[[-35.614,0],[0,-35.614],[35.614,0],[0,35.614]],"c":true},"ix":2},"nm":"Path 1","mn":"ADBE Vector Shape - Group","hd":false},{"ty":"fl","c":{"a":0,"k":[1,0.23529411764705882,0.6549019607843137,1],"ix":4},"o":{"a":0,"k":100,"ix":5},"r":1,"bm":0,"nm":"Fill 1","mn":"ADBE Vector Graphic - Fill","hd":false},{"ty":"tr","p":{"a":0,"k":[0,0],"ix":2},"a":{"a":0,"k":[0,0],"ix":1},"s":{"a":0,"k":[100,100],"ix":3},"r":{"a":0,"k":0,"ix":6},"o":{"a":0,"k":100,"ix":7},"sk":{"a":0,"k":0,"ix":4},"sa":{"a":0,"k":0,"ix":5},"nm":"Transform"}],"nm":"Group 1","np":2,"cix":2,"bm":0,"ix":1,"mn":"ADBE Vector Group","hd":false},{"ty":"tr","p":{"a":0,"k":[439.179,731.911],"ix":2},"a":{"a":0,"k":[0,0],"ix":1},"s":{"a":0,"k":[100,100],"ix":3},"r":{"a":0,"k":0,"ix":6},"o":{"a":0,"k":100,"ix":7},"sk":{"a":0,"k":0,"ix":4},"sa":{"a":0,"k":0,"ix":5},"nm":"Transform"}],"nm":"Right wrist","np":1,"cix":2,"bm":0,"ix":1,"mn":"ADBE Vector Group","hd":false},{"ty":"gr","it":[{"ty":"gr","it":[{"ind":0,"ty":"sh","ix":1,"ks":{"a":0,"k":{"i":[[4.847,0],[7.013,32.311],[-37.241,8.082],[0,0],[-8.082,-37.24],[37.241,-8.082],[0,0]],"o":[[-31.769,0],[-8.083,-37.24],[0,0],[37.245,-8.085],[8.083,37.24],[0,0],[-4.93,1.07]],"v":[[-24.008,74.211],[-91.371,19.831],[-38.576,-62.233],[9.307,-72.626],[91.371,-19.831],[38.576,62.233],[-9.307,72.626]],"c":true},"ix":2},"nm":"Path 1","mn":"ADBE Vector Shape - Group","hd":false},{"ty":"fl","c":{"a":0,"k":[0.7803921568627451,0.06274509803921569,0.4588235294117647,1],"ix":4},"o":{"a":0,"k":100,"ix":5},"r":1,"bm":0,"nm":"Fill 2","mn":"ADBE Vector Graphic - Fill","hd":false},{"ty":"tr","p":{"a":0,"k":[0,0],"ix":2},"a":{"a":0,"k":[0,0],"ix":1},"s":{"a":0,"k":[100,100],"ix":3},"r":{"a":0,"k":0,"ix":6},"o":{"a":0,"k":100,"ix":7},"sk":{"a":0,"k":0,"ix":4},"sa":{"a":0,"k":0,"ix":5},"nm":"Transform"}],"nm":"Group 1","np":2,"cix":2,"bm":0,"ix":1,"mn":"ADBE Vector Group","hd":false},{"ty":"tr","p":{"a":0,"k":[380.181,748.563],"ix":2},"a":{"a":0,"k":[0,0],"ix":1},"s":{"a":0,"k":[100,100],"ix":3},"r":{"a":0,"k":0,"ix":6},"o":{"a":0,"k":100,"ix":7},"sk":{"a":0,"k":0,"ix":4},"sa":{"a":0,"k":0,"ix":5},"nm":"Transform"}],"nm":"Right arm","np":1,"cix":2,"bm":0,"ix":2,"mn":"ADBE Vector Group","hd":false}],"ip":0,"op":120,"st":0,"bm":0},{"ddd":0,"ind":8,"ty":4,"nm":"Left Arm","parent":9,"sr":1,"ks":{"o":{"a":0,"k":100,"ix":11},"r":{"a":1,"k":[{"i":{"x":[0.667],"y":[1]},"o":{"x":[0.333],"y":[0]},"t":26,"s":[0]},{"i":{"x":[0.667],"y":[1]},"o":{"x":[0.333],"y":[0]},"t":33,"s":[-5]},{"i":{"x":[0.667],"y":[1]},"o":{"x":[0.333],"y":[0]},"t":40,"s":[0]},{"i":{"x":[0.667],"y":[1]},"o":{"x":[0.333],"y":[0]},"t":66,"s":[0]},{"i":{"x":[0.667],"y":[1]},"o":{"x":[0.333],"y":[0]},"t":73,"s":[-5]},{"i":{"x":[0.667],"y":[1]},"o":{"x":[0.167],"y":[0]},"t":80,"s":[0]},{"i":{"x":[0.667],"y":[1]},"o":{"x":[0.333],"y":[0]},"t":106,"s":[0]},{"i":{"x":[0.667],"y":[1]},"o":{"x":[0.333],"y":[0]},"t":113,"s":[-5]},{"t":120,"s":[0]}],"ix":10},"p":{"a":0,"k":[30.041,112.654,0],"ix":2},"a":{"a":0,"k":[710.371,754.507,0],"ix":1},"s":{"a":0,"k":[100,100,100],"ix":6}},"ao":0,"shapes":[{"ty":"gr","it":[{"ind":0,"ty":"sh","ix":1,"ks":{"a":0,"k":{"i":[[0,19.669],[19.669,0],[0,-19.669],[-19.669,0]],"o":[[0,-19.669],[-19.669,0],[0,19.669],[19.669,0]],"v":[[35.614,0],[0,-35.614],[-35.614,0],[0,35.614]],"c":true},"ix":2},"nm":"Path 1","mn":"ADBE Vector Shape - Group","hd":false},{"ty":"fl","c":{"a":0,"k":[1,0.23529411764705882,0.6549019607843137,1],"ix":4},"o":{"a":0,"k":100,"ix":5},"r":1,"bm":0,"nm":"Fill 1","mn":"ADBE Vector Graphic - Fill","hd":false},{"ty":"tr","p":{"a":0,"k":[636.7,737.795],"ix":2},"a":{"a":0,"k":[0,0],"ix":1},"s":{"a":0,"k":[100,100],"ix":3},"r":{"a":0,"k":0,"ix":6},"o":{"a":0,"k":100,"ix":7},"sk":{"a":0,"k":0,"ix":4},"sa":{"a":0,"k":0,"ix":5},"nm":"Transform"}],"nm":"Group 1","np":2,"cix":2,"bm":0,"ix":1,"mn":"ADBE Vector Group","hd":false},{"ty":"gr","it":[{"ty":"gr","it":[{"ind":0,"ty":"sh","ix":1,"ks":{"a":0,"k":{"i":[[31.958,0],[4.775,1.001],[0,0],[-7.821,37.296],[-37.29,-7.819],[0,0],[7.821,-37.296]],"o":[[-4.693,0],[0,0],[-37.297,-7.821],[7.82,-37.297],[0,0],[37.297,7.821],[-6.819,32.521]],"v":[[19.178,73.02],[4.946,71.538],[-33.269,63.524],[-86.639,-18.168],[-4.946,-71.538],[33.269,-63.524],[86.639,18.168]],"c":true},"ix":2},"nm":"Path 1","mn":"ADBE Vector Shape - Group","hd":false},{"ty":"fl","c":{"a":0,"k":[0.7803921568627451,0.06274509803921569,0.4588235294117647,1],"ix":4},"o":{"a":0,"k":100,"ix":5},"r":1,"bm":0,"nm":"Fill 1","mn":"ADBE Vector Graphic - Fill","hd":false},{"ty":"tr","p":{"a":0,"k":[0,0],"ix":2},"a":{"a":0,"k":[0,0],"ix":1},"s":{"a":0,"k":[100,100],"ix":3},"r":{"a":0,"k":0,"ix":6},"o":{"a":0,"k":100,"ix":7},"sk":{"a":0,"k":0,"ix":4},"sa":{"a":0,"k":0,"ix":5},"nm":"Transform"}],"nm":"Group 1","np":2,"cix":2,"bm":0,"ix":1,"mn":"ADBE Vector Group","hd":false},{"ty":"tr","p":{"a":0,"k":[691.66,751.57],"ix":2},"a":{"a":0,"k":[0,0],"ix":1},"s":{"a":0,"k":[100,100],"ix":3},"r":{"a":0,"k":0,"ix":6},"o":{"a":0,"k":100,"ix":7},"sk":{"a":0,"k":0,"ix":4},"sa":{"a":0,"k":0,"ix":5},"nm":"Transform"}],"nm":"Group 2","np":1,"cix":2,"bm":0,"ix":2,"mn":"ADBE Vector Group","hd":false}],"ip":0,"op":120,"st":0,"bm":0},{"ddd":0,"ind":9,"ty":4,"nm":"Left Shoulder","sr":1,"ks":{"o":{"a":0,"k":100,"ix":11},"r":{"a":0,"k":0,"ix":10},"p":{"a":0,"k":[583.831,315.291,0],"ix":2},"a":{"a":0,"k":[-46.5,-112.563,0],"ix":1},"s":{"a":0,"k":[100,100,100],"ix":6}},"ao":0,"shapes":[{"ty":"gr","it":[{"ind":0,"ty":"sh","ix":1,"ks":{"a":0,"k":{"i":[[6.782,0],[8.505,20.663],[0,0],[-27.323,11.246],[-11.246,-27.323],[0,0],[27.323,-11.246]],"o":[[-21.04,0],[0,0],[-11.245,-27.323],[27.327,-11.245],[0,0],[11.245,27.323],[-6.661,2.741]],"v":[[46.6,166.685],[-2.895,133.534],[-96.053,-92.81],[-66.941,-162.645],[2.895,-133.534],[96.053,92.809],[66.941,162.645]],"c":true},"ix":2},"nm":"Path 1","mn":"ADBE Vector Shape - Group","hd":false},{"ty":"fl","c":{"a":0,"k":[0.6313725490196078,0.03137254901960784,0.3607843137254902,1],"ix":4},"o":{"a":0,"k":100,"ix":5},"r":1,"bm":0,"nm":"Fill 1","mn":"ADBE Vector Graphic - Fill","hd":false},{"ty":"tr","p":{"a":0,"k":[0,0],"ix":2},"a":{"a":0,"k":[0,0],"ix":1},"s":{"a":0,"k":[100,100],"ix":3},"r":{"a":0,"k":0,"ix":6},"o":{"a":0,"k":100,"ix":7},"sk":{"a":0,"k":0,"ix":4},"sa":{"a":0,"k":0,"ix":5},"nm":"Transform"}],"nm":"Group 1","np":2,"cix":2,"bm":0,"ix":1,"mn":"ADBE Vector Group","hd":false}],"ip":0,"op":120,"st":0,"bm":0},{"ddd":0,"ind":10,"ty":4,"nm":"Right shoulder","sr":1,"ks":{"o":{"a":0,"k":100,"ix":11},"r":{"a":1,"k":[{"i":{"x":[0.667],"y":[1]},"o":{"x":[0.333],"y":[0]},"t":0,"s":[0]},{"i":{"x":[0.667],"y":[1]},"o":{"x":[0.333],"y":[0]},"t":22,"s":[0]},{"i":{"x":[0.667],"y":[1]},"o":{"x":[0.333],"y":[0]},"t":30,"s":[6]},{"i":{"x":[0.667],"y":[1]},"o":{"x":[0.333],"y":[0]},"t":38,"s":[0]},{"i":{"x":[0.667],"y":[1]},"o":{"x":[0.333],"y":[0]},"t":62,"s":[0]},{"i":{"x":[0.667],"y":[1]},"o":{"x":[0.333],"y":[0]},"t":70,"s":[6]},{"i":{"x":[0.667],"y":[1]},"o":{"x":[0.333],"y":[0]},"t":78,"s":[0]},{"i":{"x":[0.667],"y":[1]},"o":{"x":[0.333],"y":[0]},"t":102,"s":[0]},{"i":{"x":[0.667],"y":[1]},"o":{"x":[0.333],"y":[0]},"t":110,"s":[6]},{"t":118,"s":[0]}],"ix":10},"p":{"a":0,"k":[384.777,314.228,0],"ix":2},"a":{"a":0,"k":[47.5,-114.125,0],"ix":1},"s":{"a":0,"k":[100,100,100],"ix":6}},"ao":0,"shapes":[{"ty":"gr","it":[{"ind":0,"ty":"sh","ix":1,"ks":{"a":0,"k":{"i":[[20.995,0],[6.695,2.772],[-11.306,27.299],[0,0],[-27.302,-11.308],[11.306,-27.298],[0,0]],"o":[[-6.821,0],[-27.299,-11.307],[0,0],[11.307,-27.297],[27.299,11.306],[0,0],[-8.533,20.604]],"v":[[-47.1,167.186],[-67.55,163.101],[-96.507,93.2],[-2.35,-134.143],[67.55,-163.1],[96.507,-93.2],[2.35,134.144]],"c":true},"ix":2},"nm":"Path 1","mn":"ADBE Vector Shape - Group","hd":false},{"ty":"fl","c":{"a":0,"k":[0.6313725490196078,0.03137254901960784,0.3607843137254902,1],"ix":4},"o":{"a":0,"k":100,"ix":5},"r":1,"bm":0,"nm":"Fill 1","mn":"ADBE Vector Graphic - Fill","hd":false},{"ty":"tr","p":{"a":0,"k":[0,0],"ix":2},"a":{"a":0,"k":[0,0],"ix":1},"s":{"a":0,"k":[100,100],"ix":3},"r":{"a":0,"k":0,"ix":6},"o":{"a":0,"k":100,"ix":7},"sk":{"a":0,"k":0,"ix":4},"sa":{"a":0,"k":0,"ix":5},"nm":"Transform"}],"nm":"Group 1","np":2,"cix":2,"bm":0,"ix":1,"mn":"ADBE Vector Group","hd":false}],"ip":0,"op":120,"st":0,"bm":0},{"ddd":0,"ind":11,"ty":4,"nm":"pen","sr":1,"ks":{"o":{"a":0,"k":100,"ix":11},"r":{"a":0,"k":0,"ix":10},"p":{"a":0,"k":[478.504,658.652,0],"ix":2},"a":{"a":0,"k":[528.504,878.652,0],"ix":1},"s":{"a":0,"k":[100,100,100],"ix":6}},"ao":0,"shapes":[{"ty":"gr","it":[{"ind":0,"ty":"sh","ix":1,"ks":{"a":0,"k":{"i":[[-0.262,1.222],[0,0],[-0.529,-0.608],[0,0],[-0.309,-1.124],[0,0],[2.014,-0.555],[0,0],[0.555,2.014],[0,0]],"o":[[0,0],[0.169,-0.788],[0,0],[0.766,0.879],[0,0],[0.555,2.014],[0,0],[-2.014,0.555],[0,0],[-0.332,-1.205]],"v":[[-15.6,-43.843],[-14.622,-48.401],[-12.928,-48.838],[-9.868,-45.327],[-8.234,-42.286],[15.636,44.386],[12.993,49.038],[12.993,49.038],[8.342,46.395],[-15.494,-40.15]],"c":true},"ix":2},"nm":"Path 1","mn":"ADBE Vector Shape - Group","hd":false},{"ty":"fl","c":{"a":0,"k":[1,1,1,1],"ix":4},"o":{"a":0,"k":100,"ix":5},"r":1,"bm":0,"nm":"Fill 1","mn":"ADBE Vector Graphic - Fill","hd":false},{"ty":"tr","p":{"a":0,"k":[570.279,867.202],"ix":2},"a":{"a":0,"k":[0,0],"ix":1},"s":{"a":0,"k":[100,100],"ix":3},"r":{"a":0,"k":0,"ix":6},"o":{"a":0,"k":100,"ix":7},"sk":{"a":0,"k":0,"ix":4},"sa":{"a":0,"k":0,"ix":5},"nm":"Transform"}],"nm":"Group 1","np":2,"cix":2,"bm":0,"ix":1,"mn":"ADBE Vector Group","hd":false},{"ty":"gr","it":[{"ind":0,"ty":"sh","ix":1,"ks":{"a":0,"k":{"i":[[0,0],[0,0],[0,0],[0,0]],"o":[[0,0],[0,0],[0,0],[0,0]],"v":[[-55.064,41.291],[41.419,41.291],[55.064,-41.291],[-3.234,-41.291]],"c":true},"ix":2},"nm":"Path 1","mn":"ADBE Vector Shape - Group","hd":false},{"ty":"fl","c":{"a":0,"k":[1,1,1,1],"ix":4},"o":{"a":0,"k":100,"ix":5},"r":1,"bm":0,"nm":"Fill 1","mn":"ADBE Vector Graphic - Fill","hd":false},{"ty":"tr","p":{"a":0,"k":[433.385,897.986],"ix":2},"a":{"a":0,"k":[0,0],"ix":1},"s":{"a":0,"k":[100,100],"ix":3},"r":{"a":0,"k":0,"ix":6},"o":{"a":0,"k":100,"ix":7},"sk":{"a":0,"k":0,"ix":4},"sa":{"a":0,"k":0,"ix":5},"nm":"Transform"}],"nm":"Group 2","np":2,"cix":2,"bm":0,"ix":2,"mn":"ADBE Vector Group","hd":false},{"ty":"gr","it":[{"ind":0,"ty":"sh","ix":1,"ks":{"a":0,"k":{"i":[[0,0],[0,0],[0,0],[0,0]],"o":[[0,0],[0,0],[0,0],[0,0]],"v":[[-66.27,41.291],[40.214,41.291],[66.27,-41.291],[-4.683,-41.291]],"c":true},"ix":2},"nm":"Path 1","mn":"ADBE Vector Shape - Group","hd":false},{"ty":"fl","c":{"a":0,"k":[1,1,1,1],"ix":4},"o":{"a":0,"k":100,"ix":5},"r":1,"bm":0,"nm":"Fill 1","mn":"ADBE Vector Graphic - Fill","hd":false},{"ty":"tr","p":{"a":0,"k":[413.51,880.28],"ix":2},"a":{"a":0,"k":[0,0],"ix":1},"s":{"a":0,"k":[100,100],"ix":3},"r":{"a":0,"k":0,"ix":6},"o":{"a":0,"k":100,"ix":7},"sk":{"a":0,"k":0,"ix":4},"sa":{"a":0,"k":0,"ix":5},"nm":"Transform"}],"nm":"Group 3","np":2,"cix":2,"bm":0,"ix":3,"mn":"ADBE Vector Group","hd":false},{"ty":"gr","it":[{"ind":0,"ty":"sh","ix":1,"ks":{"a":0,"k":{"i":[[0,0],[0,0],[0,0],[0,0]],"o":[[0,0],[0,0],[0,0],[0,0]],"v":[[61.455,46.084],[-30.712,46.084],[-61.455,-46.084],[6.061,-46.084]],"c":true},"ix":2},"nm":"Path 1","mn":"ADBE Vector Shape - Group","hd":false},{"ty":"fl","c":{"a":0,"k":[1,1,1,1],"ix":4},"o":{"a":0,"k":100,"ix":5},"r":1,"bm":0,"nm":"Fill 1","mn":"ADBE Vector Graphic - Fill","hd":false},{"ty":"tr","p":{"a":0,"k":[648.312,885.072],"ix":2},"a":{"a":0,"k":[0,0],"ix":1},"s":{"a":0,"k":[100,100],"ix":3},"r":{"a":0,"k":0,"ix":6},"o":{"a":0,"k":100,"ix":7},"sk":{"a":0,"k":0,"ix":4},"sa":{"a":0,"k":0,"ix":5},"nm":"Transform"}],"nm":"Group 4","np":2,"cix":2,"bm":0,"ix":4,"mn":"ADBE Vector Group","hd":false}],"ip":0,"op":120,"st":0,"bm":0},{"ddd":0,"ind":12,"ty":4,"nm":"mask table","td":1,"sr":1,"ks":{"o":{"a":0,"k":100,"ix":11},"r":{"a":0,"k":0,"ix":10},"p":{"a":0,"k":[479.23599999999993,575.187,0],"ix":2},"a":{"a":0,"k":[-10.764,221.187,0],"ix":1},"s":{"a":0,"k":[107,107,100],"ix":6}},"ao":0,"shapes":[{"ty":"gr","it":[{"ind":0,"ty":"sh","ix":1,"ks":{"a":0,"k":{"i":[[1.244,-89.894],[385.098,0],[5.907,99.535]],"o":[[-1.166,84.257],[-390.603,0],[-4.736,-79.802]],"v":[[351.322,177.261],[-10.101,376.216],[-369.228,176.618]],"c":true},"ix":2},"nm":"Path 1","mn":"ADBE Vector Shape - Group","hd":false},{"ty":"gf","o":{"a":0,"k":100,"ix":10},"r":1,"bm":0,"g":{"p":3,"k":{"a":0,"k":[0,1,1,1,0.228,1,1,1,1,1,1,1],"ix":9}},"s":{"a":0,"k":[-10,350],"ix":5},"e":{"a":0,"k":[-10,169.067],"ix":6},"t":1,"nm":"Gradient Fill 1","mn":"ADBE Vector Graphic - G-Fill","hd":false},{"ty":"tr","p":{"a":0,"k":[0,0],"ix":2},"a":{"a":0,"k":[0,0],"ix":1},"s":{"a":0,"k":[100,100],"ix":3},"r":{"a":0,"k":0,"ix":6},"o":{"a":0,"k":100,"ix":7},"sk":{"a":0,"k":0,"ix":4},"sa":{"a":0,"k":0,"ix":5},"nm":"Transform"}],"nm":"Group 1","np":2,"cix":2,"bm":0,"ix":1,"mn":"ADBE Vector Group","hd":false}],"ip":0,"op":120,"st":0,"bm":0},{"ddd":0,"ind":13,"ty":4,"nm":"Table","tt":1,"sr":1,"ks":{"o":{"a":0,"k":100,"ix":11},"r":{"a":0,"k":0,"ix":10},"p":{"a":0,"k":[490.00000000000006,636.43,0],"ix":2},"a":{"a":0,"k":[533.504,900.43,0],"ix":1},"s":{"a":0,"k":[100,100,100],"ix":6}},"ao":0,"shapes":[{"ty":"gr","it":[{"ind":0,"ty":"sh","ix":1,"ks":{"a":0,"k":{"i":[[0,0],[0,0],[0,0],[0,0]],"o":[[0,0],[0,0],[0,0],[0,0]],"v":[[489.27,109.023],[-489.27,109.023],[-489.27,-109.023],[489.27,-109.023]],"c":true},"ix":2},"nm":"Path 1","mn":"ADBE Vector Shape - Group","hd":false},{"ty":"gf","o":{"a":0,"k":100,"ix":10},"r":1,"bm":0,"g":{"p":3,"k":{"a":0,"k":[0.012,1,1,1,0.842,1,1,1,1,1,1,1,0.012,1,0.842,0.5,1,0],"ix":9}},"s":{"a":0,"k":[1.226,-293.394],"ix":5},"e":{"a":0,"k":[0.287,135.487],"ix":6},"t":2,"h":{"a":0,"k":0,"ix":7},"a":{"a":0,"k":0,"ix":8},"nm":"Gradient Fill 1","mn":"ADBE Vector Graphic - G-Fill","hd":false},{"ty":"tr","p":{"a":0,"k":[533.504,900.43],"ix":2},"a":{"a":0,"k":[0,0],"ix":1},"s":{"a":0,"k":[100,100],"ix":3},"r":{"a":0,"k":0,"ix":6},"o":{"a":0,"k":100,"ix":7},"sk":{"a":0,"k":0,"ix":4},"sa":{"a":0,"k":0,"ix":5},"nm":"Transform"}],"nm":"Group 1","np":2,"cix":2,"bm":0,"ix":1,"mn":"ADBE Vector Group","hd":false},{"ty":"gr","it":[{"ind":0,"ty":"sh","ix":1,"ks":{"a":0,"k":{"i":[[0,0],[0,0],[0,0],[0,0]],"o":[[0,0],[0,0],[0,0],[0,0]],"v":[[489.27,109.023],[-489.27,109.023],[-489.27,-109.023],[489.27,-109.023]],"c":true},"ix":2},"nm":"Path 1","mn":"ADBE Vector Shape - Group","hd":false},{"ty":"fl","c":{"a":0,"k":[1,1,1,1],"ix":4},"o":{"a":0,"k":100,"ix":5},"r":1,"bm":0,"nm":"Fill 1","mn":"ADBE Vector Graphic - Fill","hd":false},{"ty":"tr","p":{"a":0,"k":[533.504,900.43],"ix":2},"a":{"a":0,"k":[0,0],"ix":1},"s":{"a":0,"k":[100,100],"ix":3},"r":{"a":0,"k":0,"ix":6},"o":{"a":0,"k":100,"ix":7},"sk":{"a":0,"k":0,"ix":4},"sa":{"a":0,"k":0,"ix":5},"nm":"Transform"}],"nm":"Group 2","np":2,"cix":2,"bm":2,"ix":2,"mn":"ADBE Vector Group","hd":false}],"ip":0,"op":120,"st":0,"bm":0},{"ddd":0,"ind":14,"ty":4,"nm":"Layer 3","parent":17,"sr":1,"ks":{"o":{"a":0,"k":100,"ix":11},"r":{"a":0,"k":0,"ix":10},"p":{"a":0,"k":[531.891,395.356,0],"ix":2},"a":{"a":0,"k":[-8.109,-143.344,0],"ix":1},"s":{"a":0,"k":[100,100,100],"ix":6}},"ao":0,"shapes":[{"ty":"gr","it":[{"ty":"gr","it":[{"ind":0,"ty":"sh","ix":1,"ks":{"a":0,"k":{"i":[[0,0],[0,0],[1.764,-1.111],[0,0],[0,0],[0,0]],"o":[[0,0],[-1.764,-1.111],[0,0],[0,0],[0,0],[0,0]],"v":[[0.164,-143.575],[-5.222,-146.965],[-10.996,-146.965],[-16.381,-143.575],[-16.381,-152.564],[0.164,-152.564]],"c":true},"ix":2},"nm":"Path 1","mn":"ADBE Vector Shape - Group","hd":false},{"ty":"fl","c":{"a":0,"k":[0.7333333333333333,0.596078431372549,0,1],"ix":4},"o":{"a":0,"k":100,"ix":5},"r":1,"bm":0,"nm":"Fill 1","mn":"ADBE Vector Graphic - Fill","hd":false},{"ty":"tr","p":{"a":0,"k":[0,0],"ix":2},"a":{"a":0,"k":[0,0],"ix":1},"s":{"a":0,"k":[100,100],"ix":3},"r":{"a":0,"k":0,"ix":6},"o":{"a":0,"k":100,"ix":7},"sk":{"a":0,"k":0,"ix":4},"sa":{"a":0,"k":0,"ix":5},"nm":"Transform"}],"nm":"Group 1","np":2,"cix":2,"bm":0,"ix":1,"mn":"ADBE Vector Group","hd":false},{"ty":"tr","p":{"a":0,"k":[0,0],"ix":2},"a":{"a":0,"k":[0,0],"ix":1},"s":{"a":0,"k":[100,100],"ix":3},"r":{"a":0,"k":0,"ix":6},"o":{"a":0,"k":100,"ix":7},"sk":{"a":0,"k":0,"ix":4},"sa":{"a":0,"k":0,"ix":5},"nm":"Transform"}],"nm":"Group 1","np":1,"cix":2,"bm":0,"ix":1,"mn":"ADBE Vector Group","hd":false},{"ty":"gr","it":[{"ty":"gr","it":[{"ind":0,"ty":"sh","ix":1,"ks":{"a":0,"k":{"i":[[0,0],[0,-5.089],[0,0],[-6.815,0],[0,0],[0,9.855],[0,0],[5.089,0]],"o":[[-5.089,0],[0,0],[0,6.815],[0,0],[9.855,0],[0,0],[0,-5.089],[0,0]],"v":[[10.394,-158.83],[1.164,-149.6],[1.164,-140.217],[13.524,-127.857],[23.636,-127.857],[41.509,-145.73],[41.509,-149.6],[32.279,-158.83]],"c":true},"ix":2},"nm":"Path 1","mn":"ADBE Vector Shape - Group","hd":false},{"ind":1,"ty":"sh","ix":2,"ks":{"a":0,"k":{"i":[[10.958,0],[0,0],[0,7.918],[0,0],[-6.192,0],[0,0],[0,-6.192],[0,0]],"o":[[0,0],[-7.918,0],[0,0],[0,-6.192],[0,0],[6.192,0],[0,0],[0,10.958]],"v":[[23.636,-125.857],[13.524,-125.857],[-0.836,-140.217],[-0.836,-149.6],[10.394,-160.83],[32.279,-160.83],[43.509,-149.6],[43.509,-145.73]],"c":true},"ix":2},"nm":"Path 2","mn":"ADBE Vector Shape - Group","hd":false},{"ty":"fl","c":{"a":0,"k":[0.7333333333333333,0.592156862745098,0,1],"ix":4},"o":{"a":0,"k":100,"ix":5},"r":1,"bm":0,"nm":"Fill 1","mn":"ADBE Vector Graphic - Fill","hd":false},{"ty":"tr","p":{"a":0,"k":[0,0],"ix":2},"a":{"a":0,"k":[0,0],"ix":1},"s":{"a":0,"k":[100,100],"ix":3},"r":{"a":0,"k":0,"ix":6},"o":{"a":0,"k":100,"ix":7},"sk":{"a":0,"k":0,"ix":4},"sa":{"a":0,"k":0,"ix":5},"nm":"Transform"}],"nm":"Group 1","np":3,"cix":2,"bm":0,"ix":1,"mn":"ADBE Vector Group","hd":false},{"ty":"tr","p":{"a":0,"k":[0,0],"ix":2},"a":{"a":0,"k":[0,0],"ix":1},"s":{"a":0,"k":[100,100],"ix":3},"r":{"a":0,"k":0,"ix":6},"o":{"a":0,"k":100,"ix":7},"sk":{"a":0,"k":0,"ix":4},"sa":{"a":0,"k":0,"ix":5},"nm":"Transform"}],"nm":"Group 2","np":1,"cix":2,"bm":0,"ix":2,"mn":"ADBE Vector Group","hd":false},{"ty":"gr","it":[{"ty":"gr","it":[{"ind":0,"ty":"sh","ix":1,"ks":{"a":0,"k":{"i":[[0,0],[0,-5.089],[0,0],[-9.855,0],[0,0],[0,6.815],[0,0],[5.089,0]],"o":[[-5.089,0],[0,0],[0,9.855],[0,0],[6.815,0],[0,0],[0,-5.089],[0,0]],"v":[[-48.496,-158.83],[-57.726,-149.6],[-57.726,-145.73],[-39.854,-127.857],[-29.741,-127.857],[-17.381,-140.217],[-17.381,-149.6],[-26.611,-158.83]],"c":true},"ix":2},"nm":"Path 1","mn":"ADBE Vector Shape - Group","hd":false},{"ind":1,"ty":"sh","ix":2,"ks":{"a":0,"k":{"i":[[7.918,0],[0,0],[0,10.958],[0,0],[-6.192,0],[0,0],[0,-6.192],[0,0]],"o":[[0,0],[-10.958,0],[0,0],[0,-6.192],[0,0],[6.192,0],[0,0],[0,7.918]],"v":[[-29.741,-125.857],[-39.854,-125.857],[-59.726,-145.73],[-59.726,-149.6],[-48.496,-160.83],[-26.611,-160.83],[-15.381,-149.6],[-15.381,-140.217]],"c":true},"ix":2},"nm":"Path 2","mn":"ADBE Vector Shape - Group","hd":false},{"ty":"fl","c":{"a":0,"k":[0.7333333333333333,0.592156862745098,0,1],"ix":4},"o":{"a":0,"k":100,"ix":5},"r":1,"bm":0,"nm":"Fill 1","mn":"ADBE Vector Graphic - Fill","hd":false},{"ty":"tr","p":{"a":0,"k":[0,0],"ix":2},"a":{"a":0,"k":[0,0],"ix":1},"s":{"a":0,"k":[100,100],"ix":3},"r":{"a":0,"k":0,"ix":6},"o":{"a":0,"k":100,"ix":7},"sk":{"a":0,"k":0,"ix":4},"sa":{"a":0,"k":0,"ix":5},"nm":"Transform"}],"nm":"Group 1","np":3,"cix":2,"bm":0,"ix":1,"mn":"ADBE Vector Group","hd":false},{"ty":"tr","p":{"a":0,"k":[0,0],"ix":2},"a":{"a":0,"k":[0,0],"ix":1},"s":{"a":0,"k":[100,100],"ix":3},"r":{"a":0,"k":0,"ix":6},"o":{"a":0,"k":100,"ix":7},"sk":{"a":0,"k":0,"ix":4},"sa":{"a":0,"k":0,"ix":5},"nm":"Transform"}],"nm":"Group 3","np":1,"cix":2,"bm":0,"ix":3,"mn":"ADBE Vector Group","hd":false}],"ip":0,"op":120,"st":0,"bm":0},{"ddd":0,"ind":15,"ty":4,"nm":"face","parent":17,"sr":1,"ks":{"o":{"a":0,"k":100,"ix":11},"r":{"a":0,"k":0,"ix":10},"p":{"a":0,"k":[532.32,386.329,0],"ix":2},"a":{"a":0,"k":[532.32,386.329,0],"ix":1},"s":{"a":0,"k":[100,100,100],"ix":6}},"ao":0,"shapes":[{"ty":"gr","it":[{"ty":"gr","it":[{"ind":0,"ty":"sh","ix":1,"ks":{"a":0,"k":{"i":[[0,-3.514],[2.914,0],[0,3.514],[-2.914,0]],"o":[[0,3.514],[-2.914,0],[0,-3.514],[2.914,0]],"v":[[5.276,0],[0,6.362],[-5.276,0],[0,-6.362]],"c":true},"ix":2},"nm":"Path 1","mn":"ADBE Vector Shape - Group","hd":false},{"ty":"fl","c":{"a":0,"k":[0.26666666666666666,0.5294117647058824,0.8392156862745098,1],"ix":4},"o":{"a":0,"k":100,"ix":5},"r":1,"bm":0,"nm":"Fill 1","mn":"ADBE Vector Graphic - Fill","hd":false},{"ty":"tr","p":{"a":0,"k":[507.921,384.547],"ix":2},"a":{"a":0,"k":[0,0],"ix":1},"s":{"a":0,"k":[100,100],"ix":3},"r":{"a":0,"k":0,"ix":6},"o":{"a":0,"k":100,"ix":7},"sk":{"a":0,"k":0,"ix":4},"sa":{"a":0,"k":0,"ix":5},"nm":"Transform"}],"nm":"Group 1","np":2,"cix":2,"bm":0,"ix":1,"mn":"ADBE Vector Group","hd":false},{"ty":"gr","it":[{"ind":0,"ty":"sh","ix":1,"ks":{"a":0,"k":{"i":[[0,-3.514],[2.914,0],[0,3.514],[-2.914,0]],"o":[[0,3.514],[-2.914,0],[0,-3.514],[2.914,0]],"v":[[5.276,0],[0,6.362],[-5.276,0],[0,-6.362]],"c":true},"ix":2},"nm":"Path 1","mn":"ADBE Vector Shape - Group","hd":false},{"ty":"fl","c":{"a":0,"k":[0.16862745098039217,0.43529411764705883,0.7529411764705882,1],"ix":4},"o":{"a":0,"k":100,"ix":5},"r":1,"bm":0,"nm":"Fill 1","mn":"ADBE Vector Graphic - Fill","hd":false},{"ty":"tr","p":{"a":0,"k":[557.696,384.547],"ix":2},"a":{"a":0,"k":[0,0],"ix":1},"s":{"a":0,"k":[100,100],"ix":3},"r":{"a":0,"k":0,"ix":6},"o":{"a":0,"k":100,"ix":7},"sk":{"a":0,"k":0,"ix":4},"sa":{"a":0,"k":0,"ix":5},"nm":"Transform"}],"nm":"Group 2","np":2,"cix":2,"bm":0,"ix":2,"mn":"ADBE Vector Group","hd":false},{"ty":"tr","p":{"a":0,"k":[532.809,384.547],"ix":2},"a":{"a":0,"k":[532.809,384.547],"ix":1},"s":{"a":1,"k":[{"i":{"x":[0.667,0.667],"y":[1,1]},"o":{"x":[0.333,0.333],"y":[0,0]},"t":29,"s":[100,100]},{"i":{"x":[0.667,0.667],"y":[1,1]},"o":{"x":[0.333,0.333],"y":[0,0]},"t":31,"s":[100,-3]},{"i":{"x":[0.667,0.667],"y":[1,1]},"o":{"x":[0.167,0.167],"y":[0,0]},"t":33,"s":[100,100]},{"i":{"x":[0.667,0.667],"y":[1,1]},"o":{"x":[0.333,0.333],"y":[0,0]},"t":71,"s":[100,100]},{"i":{"x":[0.667,0.667],"y":[1,1]},"o":{"x":[0.333,0.333],"y":[0,0]},"t":73,"s":[100,-3]},{"i":{"x":[0.667,0.667],"y":[1,1]},"o":{"x":[0.167,0.167],"y":[0,0]},"t":75,"s":[100,100]},{"i":{"x":[0.667,0.667],"y":[1,1]},"o":{"x":[0.333,0.333],"y":[0,0]},"t":114,"s":[100,100]},{"i":{"x":[0.667,0.667],"y":[1,1]},"o":{"x":[0.333,0.333],"y":[0,0]},"t":116,"s":[100,-3]},{"t":118,"s":[100,100]}],"ix":3},"r":{"a":0,"k":0,"ix":6},"o":{"a":0,"k":100,"ix":7},"sk":{"a":0,"k":0,"ix":4},"sa":{"a":0,"k":0,"ix":5},"nm":"Transform"}],"nm":"eyes 1","np":2,"cix":2,"bm":0,"ix":1,"mn":"ADBE Vector Group","hd":false},{"ty":"gr","it":[{"ind":0,"ty":"sh","ix":1,"ks":{"a":0,"k":{"i":[[0,-5.228],[5.228,0],[0,5.228],[-5.228,0]],"o":[[0,5.228],[-5.228,0],[0,-5.228],[5.228,0]],"v":[[9.466,0],[0,9.466],[-9.466,0],[0,-9.466]],"c":true},"ix":2},"nm":"Path 1","mn":"ADBE Vector Shape - Group","hd":false},{"ty":"fl","c":{"a":0,"k":[0.984313726425,0.666666686535,0.639215707779,1],"ix":4},"o":{"a":0,"k":100,"ix":5},"r":1,"bm":0,"nm":"Fill 1","mn":"ADBE Vector Graphic - Fill","hd":false},{"ty":"tr","p":{"a":0,"k":[496.235,400.375],"ix":2},"a":{"a":0,"k":[0,0],"ix":1},"s":{"a":0,"k":[100,100],"ix":3},"r":{"a":0,"k":0,"ix":6},"o":{"a":0,"k":100,"ix":7},"sk":{"a":0,"k":0,"ix":4},"sa":{"a":0,"k":0,"ix":5},"nm":"Transform"}],"nm":"Group 3","np":2,"cix":2,"bm":0,"ix":2,"mn":"ADBE Vector Group","hd":false},{"ty":"gr","it":[{"ind":0,"ty":"sh","ix":1,"ks":{"a":0,"k":{"i":[[0,-5.228],[5.228,0],[0,5.228],[-5.228,0]],"o":[[0,5.228],[-5.228,0],[0,-5.228],[5.228,0]],"v":[[9.466,0],[0,9.466],[-9.466,0],[0,-9.466]],"c":true},"ix":2},"nm":"Path 1","mn":"ADBE Vector Shape - Group","hd":false},{"ty":"fl","c":{"a":0,"k":[0.984313726425,0.666666686535,0.639215707779,1],"ix":4},"o":{"a":0,"k":100,"ix":5},"r":1,"bm":0,"nm":"Fill 1","mn":"ADBE Vector Graphic - Fill","hd":false},{"ty":"tr","p":{"a":0,"k":[568.406,400.375],"ix":2},"a":{"a":0,"k":[0,0],"ix":1},"s":{"a":0,"k":[100,100],"ix":3},"r":{"a":0,"k":0,"ix":6},"o":{"a":0,"k":100,"ix":7},"sk":{"a":0,"k":0,"ix":4},"sa":{"a":0,"k":0,"ix":5},"nm":"Transform"}],"nm":"Group 4","np":2,"cix":2,"bm":0,"ix":3,"mn":"ADBE Vector Group","hd":false},{"ty":"gr","it":[{"ind":0,"ty":"sh","ix":1,"ks":{"a":0,"k":{"i":[[0,0],[1.361,-0.992],[1.713,0.007],[1.376,0.979],[0.231,1.736],[0,0],[-0.074,0.01],[-0.028,-0.026],[-1.229,-0.502],[-1.323,0.016],[-1.234,0.494],[-0.992,0.905],[-0.05,-0.055],[0.005,-0.038]],"o":[[-0.226,1.74],[-1.377,0.979],[-1.713,0],[-1.359,-0.995],[0,0],[-0.01,-0.074],[0.041,-0.005],[0.992,0.906],[1.234,0.494],[1.323,0.015],[1.229,-0.502],[0.055,-0.05],[0.028,0.03],[0,0]],"v":[[7.462,-2.696],[4.805,1.443],[0,2.944],[-4.802,1.437],[-7.461,-2.696],[-7.474,-2.791],[-7.358,-2.943],[-7.249,-2.908],[-3.885,-0.778],[0,-0.055],[3.885,-0.779],[7.25,-2.908],[7.44,-2.9],[7.474,-2.792]],"c":true},"ix":2},"nm":"Path 1","mn":"ADBE Vector Shape - Group","hd":false},{"ty":"fl","c":{"a":0,"k":[1,0.509803950787,0.533333361149,1],"ix":4},"o":{"a":0,"k":100,"ix":5},"r":1,"bm":0,"nm":"Fill 1","mn":"ADBE Vector Graphic - Fill","hd":false},{"ty":"tr","p":{"a":0,"k":[532.644,415.556],"ix":2},"a":{"a":0,"k":[0,0],"ix":1},"s":{"a":0,"k":[100,100],"ix":3},"r":{"a":0,"k":0,"ix":6},"o":{"a":0,"k":100,"ix":7},"sk":{"a":0,"k":0,"ix":4},"sa":{"a":0,"k":0,"ix":5},"nm":"Transform"}],"nm":"Group 5","np":2,"cix":2,"bm":0,"ix":4,"mn":"ADBE Vector Group","hd":false},{"ty":"gr","it":[{"ind":0,"ty":"sh","ix":1,"ks":{"a":0,"k":{"i":[[-0.027,-0.055],[0.28,-0.719],[0.421,-0.609],[0.84,-1.086],[-0.641,-0.727],[-0.474,-0.409],[-0.687,-0.43],[0,0],[0.05,-0.081],[0.023,-0.014],[1.455,0.937],[0.379,0.809],[0.078,0.791],[-0.192,0.331],[-0.159,0.151],[-1.079,0.905],[0.106,1.364],[0,0],[-0.084,0.007]],"o":[[0.337,0.696],[-0.271,0.734],[-0.837,1.159],[-0.235,-0.387],[0.365,0.405],[0.485,0.39],[0,0],[0.081,0.05],[-0.015,0.024],[-1.467,0.851],[-0.73,-0.48],[-0.158,-0.408],[-0.037,-0.378],[0.184,-0.336],[1.078,-0.976],[1.011,-0.857],[0,0],[-0.007,-0.084],[0.064,-0.005]],"v":[[2.706,-6.156],[2.687,-3.864],[1.587,-1.87],[-0.956,1.517],[0.507,3.027],[1.759,4.233],[3.471,5.433],[3.479,5.438],[3.534,5.675],[3.474,5.733],[-1.371,5.367],[-3.092,3.392],[-3.553,1.824],[-3.29,0.605],[-2.741,-0.088],[0.477,-2.879],[2.418,-6.073],[2.417,-6.078],[2.557,-6.242]],"c":true},"ix":2},"nm":"Path 1","mn":"ADBE Vector Shape - Group","hd":false},{"ty":"fl","c":{"a":0,"k":[1,0.509803950787,0.533333361149,1],"ix":4},"o":{"a":0,"k":100,"ix":5},"r":1,"bm":0,"nm":"Fill 1","mn":"ADBE Vector Graphic - Fill","hd":false},{"ty":"tr","p":{"a":0,"k":[528.707,397.46],"ix":2},"a":{"a":0,"k":[0,0],"ix":1},"s":{"a":0,"k":[100,100],"ix":3},"r":{"a":0,"k":0,"ix":6},"o":{"a":0,"k":100,"ix":7},"sk":{"a":0,"k":0,"ix":4},"sa":{"a":0,"k":0,"ix":5},"nm":"Transform"}],"nm":"Group 6","np":2,"cix":2,"bm":0,"ix":5,"mn":"ADBE Vector Group","hd":false},{"ty":"gr","it":[{"ty":"gr","it":[{"ind":0,"ty":"sh","ix":1,"ks":{"a":0,"k":{"i":[[-0.033,0.044],[-2.625,0.995],[-1.412,0.056],[-1.394,-0.083],[-1.359,-0.284],[-1.283,-0.504],[-1.853,-1.965],[0.09,-0.084],[0.083,0.051],[2.492,0.428],[1.248,0.047],[1.229,-0.109],[1.189,-0.317],[1.22,-0.187],[2.871,-0.154],[0.009,0.134]],"o":[[1.761,-2.332],[1.32,-0.491],[1.414,-0.047],[1.399,0.088],[1.356,0.307],[2.54,1.056],[0.084,0.089],[-0.074,0.07],[-2.232,-1.36],[-1.238,-0.237],[-1.245,-0.069],[-1.235,0.104],[-1.192,0.308],[-2.453,0.361],[-0.134,0.008],[-0.004,-0.059]],"v":[[-15.064,2.314],[-8.214,-2.521],[-4.086,-3.338],[0.131,-3.231],[4.273,-2.67],[8.24,-1.457],[15.052,2.978],[15.043,3.293],[14.772,3.32],[7.617,0.661],[3.879,0.239],[0.16,0.301],[-3.481,0.991],[-7.076,1.745],[-14.855,2.703],[-15.113,2.476]],"c":true},"ix":2},"nm":"Path 1","mn":"ADBE Vector Shape - Group","hd":false},{"ty":"fl","c":{"a":0,"k":[0.49411764705882355,0.30980392156862746,0,1],"ix":4},"o":{"a":0,"k":100,"ix":5},"r":1,"bm":0,"nm":"Fill 1","mn":"ADBE Vector Graphic - Fill","hd":false},{"ty":"tr","p":{"a":0,"k":[560.396,357.73],"ix":2},"a":{"a":0,"k":[0,0],"ix":1},"s":{"a":0,"k":[100,100],"ix":3},"r":{"a":0,"k":0,"ix":6},"o":{"a":0,"k":100,"ix":7},"sk":{"a":0,"k":0,"ix":4},"sa":{"a":0,"k":0,"ix":5},"nm":"Transform"}],"nm":"Group 8","np":2,"cix":2,"bm":0,"ix":1,"mn":"ADBE Vector Group","hd":false},{"ty":"gr","it":[{"ind":0,"ty":"sh","ix":1,"ks":{"a":0,"k":{"i":[[-0.033,0.044],[-2.625,0.995],[-1.412,0.056],[-1.394,-0.083],[-1.359,-0.284],[-1.283,-0.504],[-1.853,-1.965],[0.09,-0.084],[0.083,0.051],[2.492,0.428],[1.248,0.047],[1.229,-0.109],[1.189,-0.317],[1.22,-0.187],[2.871,-0.154],[0.009,0.134]],"o":[[1.761,-2.332],[1.32,-0.491],[1.414,-0.047],[1.399,0.088],[1.356,0.307],[2.54,1.056],[0.084,0.089],[-0.074,0.07],[-2.232,-1.36],[-1.238,-0.237],[-1.245,-0.069],[-1.235,0.104],[-1.192,0.308],[-2.453,0.361],[-0.134,0.008],[-0.004,-0.059]],"v":[[-15.064,2.314],[-8.214,-2.521],[-4.086,-3.338],[0.131,-3.231],[4.273,-2.67],[8.24,-1.457],[15.052,2.978],[15.043,3.293],[14.772,3.32],[7.617,0.661],[3.879,0.239],[0.16,0.301],[-3.481,0.991],[-7.076,1.745],[-14.855,2.703],[-15.113,2.476]],"c":true},"ix":2},"nm":"Path 1","mn":"ADBE Vector Shape - Group","hd":false},{"ty":"fl","c":{"a":0,"k":[0.49411764705882355,0.30980392156862746,0,1],"ix":4},"o":{"a":0,"k":100,"ix":5},"r":1,"bm":0,"nm":"Fill 1","mn":"ADBE Vector Graphic - Fill","hd":false},{"ty":"tr","p":{"a":0,"k":[505.896,357.73],"ix":2},"a":{"a":0,"k":[0,0],"ix":1},"s":{"a":0,"k":[-100,100],"ix":3},"r":{"a":0,"k":0,"ix":6},"o":{"a":0,"k":100,"ix":7},"sk":{"a":0,"k":0,"ix":4},"sa":{"a":0,"k":0,"ix":5},"nm":"Transform"}],"nm":"Group 9","np":2,"cix":2,"bm":0,"ix":2,"mn":"ADBE Vector Group","hd":false},{"ty":"tr","p":{"a":1,"k":[{"i":{"x":0.667,"y":1},"o":{"x":0.333,"y":0},"t":0,"s":[533.023,363.883],"to":[0,-1.133],"ti":[0,1.133]},{"i":{"x":0.667,"y":0.667},"o":{"x":0.333,"y":0.333},"t":10,"s":[533.023,357.083],"to":[0,0],"ti":[0,0]},{"i":{"x":0.667,"y":1},"o":{"x":0.167,"y":0},"t":64,"s":[533.023,357.083],"to":[0,1.133],"ti":[0,-1.133]},{"t":75,"s":[533.023,363.883]}],"ix":2},"a":{"a":0,"k":[533.023,358.283],"ix":1},"s":{"a":0,"k":[100,100],"ix":3},"r":{"a":0,"k":0,"ix":6},"o":{"a":0,"k":100,"ix":7},"sk":{"a":0,"k":0,"ix":4},"sa":{"a":0,"k":0,"ix":5},"nm":"Transform"}],"nm":"eyebrows","np":2,"cix":2,"bm":0,"ix":6,"mn":"ADBE Vector Group","hd":false}],"ip":0,"op":120,"st":0,"bm":0},{"ddd":0,"ind":16,"ty":4,"nm":"Layer 2","parent":17,"sr":1,"ks":{"o":{"a":0,"k":100,"ix":11},"r":{"a":0,"k":0,"ix":10},"p":{"a":0,"k":[540,537.2,0],"ix":2},"a":{"a":0,"k":[0,0,0],"ix":1},"s":{"a":0,"k":[100,100,100],"ix":6}},"ao":0,"shapes":[{"ty":"gr","it":[{"ind":0,"ty":"sh","ix":1,"ks":{"a":0,"k":{"i":[[0,0],[0,17.186],[15.884,8.603],[19.903,5.694],[12.63,-4.73],[0,0],[-0.146,-23.661],[0,0],[-20.092,5.205],[-7.31,19.681],[0,0],[-4.728,-15.825]],"o":[[0,0],[0,-28.994],[-17.987,-9.742],[-12.967,-3.709],[-26.877,10.065],[0,0],[0.118,19.144],[0,0],[19.933,-5.163],[0,0],[8.012,14.125],[0,0]],"v":[[51.623,-172.83],[70.61,-211.743],[42.975,-259.72],[5.436,-282.772],[-35.354,-281.328],[-74.924,-246.854],[-93.248,-218.155],[-66.4,-172.83],[-46.658,-204.705],[11.882,-227.824],[22.238,-210.375],[48.978,-181.675]],"c":true},"ix":2},"nm":"Path 1","mn":"ADBE Vector Shape - Group","hd":false},{"ty":"fl","c":{"a":0,"k":[0.49411764705882355,0.30980392156862746,0,1],"ix":4},"o":{"a":0,"k":100,"ix":5},"r":1,"bm":0,"nm":"Fill 1","mn":"ADBE Vector Graphic - Fill","hd":false},{"ty":"tr","p":{"a":0,"k":[0,0],"ix":2},"a":{"a":0,"k":[0,0],"ix":1},"s":{"a":0,"k":[100,100],"ix":3},"r":{"a":0,"k":0,"ix":6},"o":{"a":0,"k":100,"ix":7},"sk":{"a":0,"k":0,"ix":4},"sa":{"a":0,"k":0,"ix":5},"nm":"Transform"}],"nm":"Group 1","np":2,"cix":2,"bm":0,"ix":1,"mn":"ADBE Vector Group","hd":false}],"ip":0,"op":120,"st":0,"bm":0},{"ddd":0,"ind":17,"ty":4,"nm":"head","sr":1,"ks":{"o":{"a":0,"k":100,"ix":11},"r":{"a":1,"k":[{"i":{"x":[0.667],"y":[1]},"o":{"x":[0.333],"y":[0]},"t":37,"s":[0]},{"i":{"x":[0.667],"y":[1]},"o":{"x":[0.167],"y":[0]},"t":48,"s":[-8]},{"i":{"x":[0.667],"y":[1]},"o":{"x":[0.167],"y":[0]},"t":80,"s":[-8]},{"t":91,"s":[0]}],"ix":10},"p":{"a":0,"k":[482.67300000000006,247.793,0],"ix":2},"a":{"a":0,"k":[532.673,437.993,0],"ix":1},"s":{"a":0,"k":[100,100,100],"ix":6}},"ao":0,"shapes":[{"ty":"gr","it":[{"ind":0,"ty":"sh","ix":1,"ks":{"a":0,"k":{"i":[[0.556,-1.394],[0.724,0.998],[0.863,0.786],[1.06,0.616],[1.386,0.565],[-1.5,-0.299],[-1.149,-1.05],[-0.445,-1.468]],"o":[[-0.689,-1.326],[-0.714,-0.997],[-0.867,-0.781],[-1.062,-0.625],[1.335,-0.689],[1.503,0.305],[1.151,1.048],[0.438,1.465]],"v":[[5.234,5.28],[3.191,1.842],[0.834,-0.814],[-2.035,-2.906],[-5.649,-4.618],[-1.236,-5.125],[2.852,-3.033],[5.318,0.84]],"c":true},"ix":2},"nm":"Path 1","mn":"ADBE Vector Shape - Group","hd":false},{"ty":"fl","c":{"a":0,"k":[1,0.509803950787,0.533333361149,1],"ix":4},"o":{"a":0,"k":100,"ix":5},"r":1,"bm":0,"nm":"Fill 1","mn":"ADBE Vector Graphic - Fill","hd":false},{"ty":"tr","p":{"a":0,"k":[466.162,367.17],"ix":2},"a":{"a":0,"k":[0,0],"ix":1},"s":{"a":0,"k":[100,100],"ix":3},"r":{"a":0,"k":0,"ix":6},"o":{"a":0,"k":100,"ix":7},"sk":{"a":0,"k":0,"ix":4},"sa":{"a":0,"k":0,"ix":5},"nm":"Transform"}],"nm":"Group 3","np":2,"cix":2,"bm":0,"ix":1,"mn":"ADBE Vector Group","hd":false},{"ty":"gr","it":[{"ind":0,"ty":"sh","ix":1,"ks":{"a":0,"k":{"i":[[0.689,-1.326],[-0.438,1.465],[-1.151,1.048],[-1.503,0.305],[-1.335,-0.689],[1.062,-0.625],[0.867,-0.781],[0.714,-0.997]],"o":[[-0.556,-1.394],[0.445,-1.468],[1.149,-1.05],[1.5,-0.299],[-1.386,0.565],[-1.06,0.616],[-0.863,0.786],[-0.724,0.998]],"v":[[-5.234,5.28],[-5.318,0.84],[-2.852,-3.033],[1.236,-5.125],[5.649,-4.618],[2.035,-2.906],[-0.834,-0.814],[-3.191,1.842]],"c":true},"ix":2},"nm":"Path 1","mn":"ADBE Vector Shape - Group","hd":false},{"ty":"fl","c":{"a":0,"k":[1,0.509803950787,0.533333361149,1],"ix":4},"o":{"a":0,"k":100,"ix":5},"r":1,"bm":0,"nm":"Fill 1","mn":"ADBE Vector Graphic - Fill","hd":false},{"ty":"tr","p":{"a":0,"k":[599.452,367.17],"ix":2},"a":{"a":0,"k":[0,0],"ix":1},"s":{"a":0,"k":[100,100],"ix":3},"r":{"a":0,"k":0,"ix":6},"o":{"a":0,"k":100,"ix":7},"sk":{"a":0,"k":0,"ix":4},"sa":{"a":0,"k":0,"ix":5},"nm":"Transform"}],"nm":"Group 4","np":2,"cix":2,"bm":0,"ix":2,"mn":"ADBE Vector Group","hd":false},{"ty":"gr","it":[{"ind":0,"ty":"sh","ix":1,"ks":{"a":0,"k":{"i":[[0,0],[-2.118,0.371],[-1.923,-3.322],[0.002,-4.049],[4.199,-4.013],[5.806,-0.155]],"o":[[0,0],[3.362,-0.588],[0.966,1.669],[-0.003,5.809],[-4.199,4.013],[0,0]],"v":[[-4.965,-12.772],[0.248,-16.501],[9.251,-12.274],[10.867,-4.855],[4.858,10.076],[-10.867,16.627]],"c":false},"ix":2},"nm":"Path 1","mn":"ADBE Vector Shape - Group","hd":false},{"ty":"fl","c":{"a":0,"k":[0.984313726425,0.737254917622,0.662745118141,1],"ix":4},"o":{"a":0,"k":100,"ix":5},"r":1,"bm":0,"nm":"Fill 1","mn":"ADBE Vector Graphic - Fill","hd":false},{"ty":"tr","p":{"a":0,"k":[599.743,367.92],"ix":2},"a":{"a":0,"k":[0,0],"ix":1},"s":{"a":0,"k":[100,100],"ix":3},"r":{"a":0,"k":0,"ix":6},"o":{"a":0,"k":100,"ix":7},"sk":{"a":0,"k":0,"ix":4},"sa":{"a":0,"k":0,"ix":5},"nm":"Transform"}],"nm":"Group 6","np":2,"cix":2,"bm":0,"ix":3,"mn":"ADBE Vector Group","hd":false},{"ty":"gr","it":[{"ind":0,"ty":"sh","ix":1,"ks":{"a":0,"k":{"i":[[0,0],[2.118,0.371],[1.923,-3.322],[-0.002,-4.049],[-4.199,-4.013],[-5.806,-0.155]],"o":[[0,0],[-3.362,-0.588],[-0.966,1.669],[0.003,5.809],[4.199,4.013],[0,0]],"v":[[4.965,-12.772],[-0.248,-16.501],[-9.251,-12.274],[-10.867,-4.855],[-4.858,10.076],[10.867,16.627]],"c":false},"ix":2},"nm":"Path 1","mn":"ADBE Vector Shape - Group","hd":false},{"ty":"fl","c":{"a":0,"k":[0.984313726425,0.737254917622,0.662745118141,1],"ix":4},"o":{"a":0,"k":100,"ix":5},"r":1,"bm":0,"nm":"Fill 1","mn":"ADBE Vector Graphic - Fill","hd":false},{"ty":"tr","p":{"a":0,"k":[465.744,367.92],"ix":2},"a":{"a":0,"k":[0,0],"ix":1},"s":{"a":0,"k":[100,100],"ix":3},"r":{"a":0,"k":0,"ix":6},"o":{"a":0,"k":100,"ix":7},"sk":{"a":0,"k":0,"ix":4},"sa":{"a":0,"k":0,"ix":5},"nm":"Transform"}],"nm":"Group 7","np":2,"cix":2,"bm":0,"ix":4,"mn":"ADBE Vector Group","hd":false},{"ty":"gr","it":[{"ind":0,"ty":"sh","ix":1,"ks":{"a":0,"k":{"i":[[0,0],[0,0],[-16.806,-6.482],[0,0],[-12.841,4.953],[0,0],[-4.398,17.468],[0,0],[0,0]],"o":[[0,0],[4.398,17.468],[0,0],[12.841,4.953],[0,0],[16.806,-6.482],[0,0],[0,0],[0,0]],"v":[[-70.131,-21.619],[-53.768,43.366],[-19.954,81.559],[-19.954,81.559],[19.954,81.559],[19.954,81.559],[53.768,43.366],[70.131,-21.619],[0.276,-85.273]],"c":true},"ix":2},"nm":"Path 1","mn":"ADBE Vector Shape - Group","hd":false},{"ty":"gf","o":{"a":0,"k":100,"ix":10},"r":1,"bm":0,"g":{"p":3,"k":{"a":0,"k":[0.395,0.992,0.821,0.763,0.702,0.971,0.766,0.695,1,0.949,0.71,0.627],"ix":9}},"s":{"a":0,"k":[-1.415,33.267],"ix":5},"e":{"a":0,"k":[2.085,92.018],"ix":6},"t":2,"h":{"a":0,"k":0,"ix":7},"a":{"a":0,"k":0,"ix":8},"nm":"Gradient Fill 1","mn":"ADBE Vector Graphic - G-Fill","hd":false},{"ty":"tr","p":{"a":0,"k":[532.644,352.72],"ix":2},"a":{"a":0,"k":[0,0],"ix":1},"s":{"a":0,"k":[100,100],"ix":3},"r":{"a":0,"k":0,"ix":6},"o":{"a":0,"k":100,"ix":7},"sk":{"a":0,"k":0,"ix":4},"sa":{"a":0,"k":0,"ix":5},"nm":"Transform"}],"nm":"Group 8","np":2,"cix":2,"bm":0,"ix":5,"mn":"ADBE Vector Group","hd":false}],"ip":0,"op":120,"st":0,"bm":0},{"ddd":0,"ind":18,"ty":4,"nm":"Body","sr":1,"ks":{"o":{"a":0,"k":100,"ix":11},"r":{"a":0,"k":0,"ix":10},"p":{"a":0,"k":[484.198,412.779,0],"ix":2},"a":{"a":0,"k":[534.198,622.779,0],"ix":1},"s":{"a":0,"k":[100,100,100],"ix":6}},"ao":0,"shapes":[{"ty":"gr","it":[{"ind":0,"ty":"sh","ix":1,"ks":{"a":0,"k":{"i":[[0,0],[38.523,5.266],[9.404,0.329],[9.85,-0.993],[30.255,-3.051],[4.862,76.258],[0,0],[-2,2],[-4.526,2.306],[-12.441,-5.265],[-33.89,0],[-14.394,6.184],[-12.145,-6.265],[-4.077,-2.965],[-0.212,-2.226],[0,0]],"o":[[-38.873,-0.794],[-9.323,-1.275],[-9.894,-0.346],[-30.255,3.051],[0,0],[-0.175,-2.752],[2,-1],[4.314,-3.138],[12.037,-6.133],[14.613,6.184],[33.89,0],[12.556,-5.394],[4.271,2.203],[2,2],[3.886,40.83],[0,0]],"v":[[125.911,169.902],[16.868,169.823],[-11.171,166.682],[-40.802,168.324],[-126.569,169.814],[-123.569,-79.517],[-131.355,-154.178],[-124.355,-159.178],[-111.046,-167.144],[-72.433,-168.303],[0,-155.194],[71.969,-168.303],[110.992,-166.762],[123.555,-159.178],[130.555,-154.178],[122.911,-79.517]],"c":true},"ix":2},"nm":"Path 1","mn":"ADBE Vector Shape - Group","hd":false},{"ty":"fl","c":{"a":0,"k":[0.6313725490196078,0.03137254901960784,0.3607843137254902,1],"ix":4},"o":{"a":0,"k":100,"ix":5},"r":1,"bm":0,"nm":"Fill 1","mn":"ADBE Vector Graphic - Fill","hd":false},{"ty":"tr","p":{"a":0,"k":[534.198,645.233],"ix":2},"a":{"a":0,"k":[0,0],"ix":1},"s":{"a":0,"k":[100,100],"ix":3},"r":{"a":0,"k":0,"ix":6},"o":{"a":0,"k":100,"ix":7},"sk":{"a":0,"k":0,"ix":4},"sa":{"a":0,"k":0,"ix":5},"nm":"Transform"}],"nm":"Group 2","np":2,"cix":2,"bm":0,"ix":1,"mn":"ADBE Vector Group","hd":false},{"ty":"gr","it":[{"ty":"gr","it":[{"ind":0,"ty":"sh","ix":1,"ks":{"a":0,"k":{"i":[[2.249,-7.24],[-7.089,0],[-6.796,2.795],[0.951,7.123],[0,0]],"o":[[6.114,2.156],[8.137,0],[-2.064,-6.936],[0,0],[-0.998,7.474]],"v":[[-21.277,9.502],[-1.333,12.86],[21.277,8.48],[16.991,-12.86],[-16.679,-12.86]],"c":true},"ix":2},"nm":"Path 1","mn":"ADBE Vector Shape - Group","hd":false},{"ty":"fl","c":{"a":0,"k":[0.917647058824,0.589763028014,0.478615914139,1],"ix":4},"o":{"a":0,"k":100,"ix":5},"r":1,"bm":0,"nm":"Fill 1","mn":"ADBE Vector Graphic - Fill","hd":false},{"ty":"tr","p":{"a":0,"k":[533.348,456.671],"ix":2},"a":{"a":0,"k":[0,0],"ix":1},"s":{"a":0,"k":[100,100],"ix":3},"r":{"a":0,"k":0,"ix":6},"o":{"a":0,"k":100,"ix":7},"sk":{"a":0,"k":0,"ix":4},"sa":{"a":0,"k":0,"ix":5},"nm":"Transform"}],"nm":"Group 1","np":2,"cix":2,"bm":0,"ix":1,"mn":"ADBE Vector Group","hd":false},{"ty":"gr","it":[{"ind":0,"ty":"sh","ix":1,"ks":{"a":0,"k":{"i":[[0,0],[11.899,-11.892],[0,0],[2.227,16.674]],"o":[[-2.227,16.674],[0,0],[-11.899,-11.892],[0,0]],"v":[[-16.835,-23.064],[-34.902,23.064],[34.902,23.064],[16.835,-23.064]],"c":true},"ix":2},"nm":"Path 1","mn":"ADBE Vector Shape - Group","hd":false},{"ty":"fl","c":{"a":0,"k":[0.984313726425,0.737254917622,0.662745118141,1],"ix":4},"o":{"a":0,"k":100,"ix":5},"r":1,"bm":0,"nm":"Fill 1","mn":"ADBE Vector Graphic - Fill","hd":false},{"ty":"tr","p":{"a":0,"k":[533.504,466.875],"ix":2},"a":{"a":0,"k":[0,0],"ix":1},"s":{"a":0,"k":[100,100],"ix":3},"r":{"a":0,"k":0,"ix":6},"o":{"a":0,"k":100,"ix":7},"sk":{"a":0,"k":0,"ix":4},"sa":{"a":0,"k":0,"ix":5},"nm":"Transform"}],"nm":"Group 2","np":2,"cix":2,"bm":0,"ix":2,"mn":"ADBE Vector Group","hd":false},{"ty":"tr","p":{"a":0,"k":[533.504,451.375],"ix":2},"a":{"a":0,"k":[533.504,451.375],"ix":1},"s":{"a":0,"k":[100,100],"ix":3},"r":{"a":0,"k":0,"ix":6},"o":{"a":0,"k":100,"ix":7},"sk":{"a":0,"k":0,"ix":4},"sa":{"a":0,"k":0,"ix":5},"nm":"Transform"}],"nm":"Group 1","np":2,"cix":2,"bm":0,"ix":2,"mn":"ADBE Vector Group","hd":false}],"ip":0,"op":120,"st":0,"bm":0},{"ddd":0,"ind":19,"ty":4,"nm":"back hair","parent":17,"sr":1,"ks":{"o":{"a":0,"k":100,"ix":11},"r":{"a":1,"k":[{"i":{"x":[0.833],"y":[0.833]},"o":{"x":[0.167],"y":[0.167]},"t":37,"s":[0]},{"i":{"x":[0.833],"y":[0.833]},"o":{"x":[0.167],"y":[0.167]},"t":48,"s":[8]},{"i":{"x":[0.833],"y":[0.833]},"o":{"x":[0.167],"y":[0.167]},"t":80,"s":[8]},{"t":91,"s":[0]}],"ix":10,"x":"var $bm_rt;\nvar amp, freq, decay, n, t, v;\ntry {\n    amp = $bm_div(effect('Rotation - Overshoot')('ADBE Slider Control-0001'), 2.5), freq = $bm_div(effect('Rotation - Bounce')('ADBE Slider Control-0001'), 20), decay = $bm_div(effect('Rotation - Friction')('ADBE Slider Control-0001'), 20), n = 0, 0 < numKeys && (n = nearestKey(time).index, key(n).time > time && n--), t = 0 === n ? 0 : $bm_sub(time, key(n).time), $bm_rt = 0 < n ? (v = velocityAtTime($bm_sub(key(n).time, $bm_div(thisComp.frameDuration, 10))), $bm_sum(value, $bm_div($bm_mul($bm_mul($bm_div(v, 100), amp), Math.sin($bm_mul($bm_mul($bm_mul(freq, t), 2), Math.PI))), Math.exp($bm_mul(decay, t))))) : value;\n} catch (e$$4) {\n    $bm_rt = value = value;\n}"},"p":{"a":0,"k":[533.504,278.263,0],"ix":2},"a":{"a":0,"k":[-6.496,-246.937,0],"ix":1},"s":{"a":0,"k":[100,100,100],"ix":6}},"ao":0,"ef":[{"ty":5,"nm":"Rotation - Overshoot","np":3,"mn":"ADBE Slider Control","ix":1,"en":1,"ef":[{"ty":0,"nm":"Slider","mn":"ADBE Slider Control-0001","ix":1,"v":{"a":0,"k":30,"ix":1,"x":"var $bm_rt;\n$bm_rt = clamp(value, 0, 100);"}}]},{"ty":5,"nm":"Rotation - Bounce","np":3,"mn":"ADBE Slider Control","ix":2,"en":1,"ef":[{"ty":0,"nm":"Slider","mn":"ADBE Slider Control-0001","ix":1,"v":{"a":0,"k":30,"ix":1,"x":"var $bm_rt;\n$bm_rt = clamp(value, 0, 100);"}}]},{"ty":5,"nm":"Rotation - Friction","np":3,"mn":"ADBE Slider Control","ix":3,"en":1,"ef":[{"ty":0,"nm":"Slider","mn":"ADBE Slider Control-0001","ix":1,"v":{"a":0,"k":40,"ix":1,"x":"var $bm_rt;\n$bm_rt = clamp(value, 0, 100);"}}]}],"shapes":[{"ty":"gr","it":[{"ind":0,"ty":"sh","ix":1,"ks":{"a":0,"k":{"i":[[0,0],[0,0],[11.308,-7.773],[0,0],[0,0],[-10.125,3.569],[0,0],[0,0],[-21.319,7.31],[0,0],[0,0],[2.163,19.592],[0,0],[0,0]],"o":[[0,0],[-1.52,13.638],[0,0],[0,0],[9.91,4.128],[0,0],[0,0],[22.205,3.861],[0,0],[0,0],[-16.139,-11.316],[0,0],[0,0],[0,0]],"v":[[-74.701,-201.721],[-80.561,-149.158],[-100.761,-115.443],[-108.85,-109.883],[-84.614,-99.789],[-53.491,-98.921],[-41.709,-103.074],[2.546,-95.38],[68.89,-100.637],[95.857,-109.883],[95.857,-109.883],[67.065,-158.504],[61.875,-205.521],[14.365,-246.937]],"c":true},"ix":2},"nm":"Path 1","mn":"ADBE Vector Shape - Group","hd":false},{"ty":"fl","c":{"a":0,"k":[0.49411764705882355,0.30980392156862746,0,1],"ix":4},"o":{"a":0,"k":100,"ix":5},"r":1,"bm":0,"nm":"Fill 1","mn":"ADBE Vector Graphic - Fill","hd":false},{"ty":"tr","p":{"a":0,"k":[0,0],"ix":2},"a":{"a":0,"k":[0,0],"ix":1},"s":{"a":0,"k":[100,100],"ix":3},"r":{"a":0,"k":0,"ix":6},"o":{"a":0,"k":100,"ix":7},"sk":{"a":0,"k":0,"ix":4},"sa":{"a":0,"k":0,"ix":5},"nm":"Transform"}],"nm":"Group 1","np":2,"cix":2,"bm":0,"ix":1,"mn":"ADBE Vector Group","hd":false}],"ip":0,"op":120,"st":0,"bm":0},{"ddd":0,"ind":20,"ty":4,"nm":"tree 2","sr":1,"ks":{"o":{"a":0,"k":100,"ix":11},"r":{"a":0,"k":153,"ix":10},"p":{"a":0,"k":[651.644,479.576,0],"ix":2},"a":{"a":0,"k":[0,0,0],"ix":1},"s":{"a":0,"k":[132,132,100],"ix":6}},"ao":0,"ef":[{"ty":28,"nm":"Set Matte","np":8,"mn":"ADBE Set Matte3","ix":1,"en":1,"ef":[{"ty":10,"nm":"Take Matte From Layer","mn":"ADBE Set Matte3-0001","ix":1,"v":{"a":0,"k":20,"ix":1}},{"ty":7,"nm":"Use For Matte","mn":"ADBE Set Matte3-0002","ix":2,"v":{"a":0,"k":4,"ix":2}},{"ty":7,"nm":"Invert Matte","mn":"ADBE Set Matte3-0003","ix":3,"v":{"a":0,"k":0,"ix":3}},{"ty":7,"nm":"If Layer Sizes Differ","mn":"ADBE Set Matte3-0004","ix":4,"v":{"a":0,"k":1,"ix":4}},{"ty":7,"nm":"Composite Matte with Original","mn":"ADBE Set Matte3-0005","ix":5,"v":{"a":0,"k":1,"ix":5}},{"ty":7,"nm":"Premultiply Matte Layer","mn":"ADBE Set Matte3-0006","ix":6,"v":{"a":0,"k":1,"ix":6}}]}],"shapes":[{"ty":"gr","it":[{"ind":0,"ty":"sh","ix":1,"ks":{"a":0,"k":{"i":[[-12.562,43.467],[-39.676,-7.969],[-11.115,-14.982],[-11.859,1.3],[-24.178,-36.746],[52.512,-34.162],[33.953,53.008],[-0.255,21.392],[3.452,0.803]],"o":[[11.236,-38.877],[19.868,3.99],[7.108,9.581],[41.065,-4.503],[34.434,52.334],[-52.854,34.385],[-12.402,-19.362],[-3.434,-0.33],[-43.5,-10.115]],"v":[[-145.766,-79.047],[-55.199,-133.981],[-7.722,-103.896],[23.066,-90.812],[130.307,-40.396],[97.419,117.122],[-60.043,83.216],[-77.963,20.757],[-88.3,19.087]],"c":true},"ix":2},"nm":"Path 1","mn":"ADBE Vector Shape - Group","hd":false},{"ty":"gf","o":{"a":0,"k":100,"ix":10},"r":1,"bm":0,"g":{"p":3,"k":{"a":0,"k":[0,0.5568627450980392,0.6509803921568628,1,0.5,0.5568627450980392,0.6509803921568628,1,1,0.5568627450980392,0.6509803921568628,1],"ix":9}},"s":{"a":0,"k":[144.742,234.9],"ix":5},"e":{"a":0,"k":[203.91,378.099],"ix":6},"t":1,"nm":"Gradient Fill 1","mn":"ADBE Vector Graphic - G-Fill","hd":false},{"ty":"tr","p":{"a":0,"k":[0,0],"ix":2},"a":{"a":0,"k":[0,0],"ix":1},"s":{"a":0,"k":[100,100],"ix":3},"r":{"a":0,"k":0,"ix":6},"o":{"a":0,"k":100,"ix":7},"sk":{"a":0,"k":0,"ix":4},"sa":{"a":0,"k":0,"ix":5},"nm":"Transform"}],"nm":"Group 1","np":2,"cix":2,"bm":0,"ix":1,"mn":"ADBE Vector Group","hd":false}],"ip":0,"op":120,"st":0,"bm":0},{"ddd":0,"ind":21,"ty":4,"nm":"tree","sr":1,"ks":{"o":{"a":0,"k":100,"ix":11},"r":{"a":0,"k":-59,"ix":10},"p":{"a":0,"k":[343.644,439.576,0],"ix":2},"a":{"a":0,"k":[0,0,0],"ix":1},"s":{"a":0,"k":[156,156,100],"ix":6}},"ao":0,"ef":[{"ty":28,"nm":"Set Matte","np":8,"mn":"ADBE Set Matte3","ix":1,"en":1,"ef":[{"ty":10,"nm":"Take Matte From Layer","mn":"ADBE Set Matte3-0001","ix":1,"v":{"a":0,"k":21,"ix":1}},{"ty":7,"nm":"Use For Matte","mn":"ADBE Set Matte3-0002","ix":2,"v":{"a":0,"k":4,"ix":2}},{"ty":7,"nm":"Invert Matte","mn":"ADBE Set Matte3-0003","ix":3,"v":{"a":0,"k":0,"ix":3}},{"ty":7,"nm":"If Layer Sizes Differ","mn":"ADBE Set Matte3-0004","ix":4,"v":{"a":0,"k":1,"ix":4}},{"ty":7,"nm":"Composite Matte with Original","mn":"ADBE Set Matte3-0005","ix":5,"v":{"a":0,"k":1,"ix":5}},{"ty":7,"nm":"Premultiply Matte Layer","mn":"ADBE Set Matte3-0006","ix":6,"v":{"a":0,"k":1,"ix":6}}]}],"shapes":[{"ty":"gr","it":[{"ind":0,"ty":"sh","ix":1,"ks":{"a":0,"k":{"i":[[-12.562,43.467],[-39.676,-7.969],[-11.115,-14.982],[-11.859,1.3],[-24.178,-36.746],[52.512,-34.162],[33.953,53.008],[-0.255,21.392],[3.452,0.803]],"o":[[11.236,-38.877],[19.868,3.99],[7.108,9.581],[41.065,-4.503],[34.434,52.334],[-52.854,34.385],[-12.402,-19.362],[-3.434,-0.33],[-43.5,-10.115]],"v":[[-145.766,-79.047],[-55.199,-133.981],[-7.722,-103.896],[23.066,-90.812],[130.307,-40.396],[97.419,117.122],[-60.043,83.216],[-77.963,20.757],[-88.3,19.087]],"c":true},"ix":2},"nm":"Path 1","mn":"ADBE Vector Shape - Group","hd":false},{"ty":"gf","o":{"a":0,"k":100,"ix":10},"r":1,"bm":0,"g":{"p":3,"k":{"a":0,"k":[0,0.5568627450980392,0.6509803921568628,1,0.5,0.129,0.516,0.294,1,0.098,0.569,0.31],"ix":9}},"s":{"a":0,"k":[144.742,234.9],"ix":5},"e":{"a":0,"k":[203.91,378.099],"ix":6},"t":1,"nm":"Gradient Fill 1","mn":"ADBE Vector Graphic - G-Fill","hd":false},{"ty":"tr","p":{"a":0,"k":[0,0],"ix":2},"a":{"a":0,"k":[0,0],"ix":1},"s":{"a":0,"k":[100,100],"ix":3},"r":{"a":0,"k":0,"ix":6},"o":{"a":0,"k":100,"ix":7},"sk":{"a":0,"k":0,"ix":4},"sa":{"a":0,"k":0,"ix":5},"nm":"Transform"}],"nm":"Group 1","np":2,"cix":2,"bm":0,"ix":1,"mn":"ADBE Vector Group","hd":false}],"ip":0,"op":120,"st":0,"bm":0}],"markers":[]}